Rk,Player,Nation,Pos,Squad,Age,Born,90s,Cmp,Att,Cmp%,TotDist,PrgDist,Cmp,Att,Cmp%,Cmp,Att,Cmp%,Cmp,Att,Cmp%,Ast,xAG,xA,A-xAG,KP,1/3,PPA,CrsPA,Prog,Matches,-9999
1,Trustin van 't Loo,nl NED,MF,Heerenveen,17,2004,0.3,2,7,28.6,23,2,1,3,33.3,1,2,50.0,0,1,0.0,0,0.0,0.0,0.0,0,0,0,0,0,Matches,b9887ae0
2,Dirk Abels,nl NED,DFMF,Sparta R'dam,24,1997,32.2,1049,1460,71.8,18151,8357,469,565,83.0,460,602,76.4,94,218,43.1,0,0.9,1.0,-0.9,12,90,7,3,81,Matches,3c3bd200
3,Zakaria Aboukhlal,ma MAR,FWMF,AZ Alkmaar,21,2000,9.1,170,249,68.3,2278,616,96,132,72.7,56,70,80.0,6,10,60.0,1,1.0,0.8,0.0,7,6,14,2,22,Matches,c2a6033c
4,Paulos Abraham,se SWE,FWMF,Groningen,19,2002,15.0,210,310,67.7,3297,877,103,124,83.1,75,106,70.8,19,39,48.7,2,1.3,1.8,+0.7,13,25,12,4,29,Matches,fd99de9d
5,Shawn Adewoye,be BEL,DF,RKC Waalwijk,21,2000,19.1,579,748,77.4,11420,3966,187,224,83.5,316,366,86.3,67,121,55.4,0,0.3,0.4,-0.3,6,35,1,0,32,Matches,be98fc34
6,Luka Adžić,rs SRB,FWMF,Zwolle,22,1998,8.1,191,298,64.1,3058,1014,99,134,73.9,51,80,63.8,24,47,51.1,1,2.0,1.9,-1.0,22,13,10,8,13,Matches,e3207d47
7,Joost van Aken,nl NED,DF,Heerenveen,27,1994,2.2,90,114,78.9,1674,693,34,40,85.0,44,51,86.3,11,22,50.0,0,0.0,0.0,0.0,1,4,0,0,2,Matches,b4706f20
8,Ali Akman,tr TUR,FW,NEC Nijmegen,19,2002,17.4,374,498,75.1,5166,930,219,270,81.1,102,133,76.7,23,36,63.9,0,2.3,1.7,-2.3,27,22,12,3,27,Matches,d9a0abd6
9,Hamdi Akujobi,nl NED,DFFW,Heerenveen,21,2000,1.6,82,103,79.6,1348,416,39,45,86.7,35,39,89.7,6,13,46.2,0,0.0,0.1,0.0,0,3,1,1,4,Matches,0b524c25
10,Pontus Almqvist,se SWE,FWMF,Utrecht,22,1999,2.9,33,48,68.8,484,75,20,28,71.4,10,14,71.4,1,2,50.0,0,0.1,0.1,-0.1,3,1,2,1,2,Matches,0917188a
11,Edson Álvarez,mx MEX,MF,Ajax,23,1997,25.9,1533,1782,86.0,25731,6988,704,773,91.1,683,767,89.0,105,146,71.9,1,0.4,1.4,+0.6,9,124,12,0,105,Matches,8b3ab7ad
12,Mohamed Amissi,bi BDI,FWMF,Heracles Almelo,20,2000,1.4,27,36,75.0,417,54,17,17,100.0,6,9,66.7,2,3,66.7,0,0.0,0.0,0.0,0,1,0,0,2,Matches,52b0c182
13,Djavan Anderson,nl NED,DFMF,Zwolle,26,1995,11.4,258,379,68.1,3941,1152,136,169,80.5,92,132,69.7,17,41,41.5,2,0.7,1.1,+1.3,9,14,7,2,18,Matches,ca241ad3
14,Martin Angha,ch SUI,DF,Fortuna Sittard,27,1994,28.8,973,1264,77.0,20218,7109,302,356,84.8,522,596,87.6,139,271,51.3,0,0.1,0.3,-0.1,1,40,4,0,48,Matches,41a1a2c8
15,Vurnon Anita,cw CUW,MF,RKC Waalwijk,32,1989,30.3,903,1143,79.0,15568,5911,404,474,85.2,393,453,86.8,76,150,50.7,1,1.1,1.5,-0.1,13,126,8,1,106,Matches,2d368fd5
16,Antony,br BRA,FW,Ajax,21,2000,19.2,898,1156,77.7,13455,4074,494,569,86.8,300,377,79.6,61,112,54.5,4,4.5,6.5,-0.5,37,45,84,20,114,Matches,99127249
17,Samuel Armenteros,se SWE,FW,Heracles Almelo,31,1990,2.3,25,45,55.6,368,115,17,24,70.8,5,11,45.5,2,5,40.0,0,0.3,0.0,-0.3,2,4,1,0,2,Matches,9c8f641a
18,Adil Auassar,nl NED,DFMF,Sparta R'dam,34,1986,27.5,720,1062,67.8,14603,5809,233,297,78.5,365,460,79.3,107,237,45.1,1,1.2,1.2,-0.2,10,64,9,1,59,Matches,ddb76359
19,Sebbe Augustijns,be BEL,MF,RKC Waalwijk,21,1999,1.6,34,51,66.7,486,90,19,28,67.9,10,15,66.7,3,6,50.0,0,0.0,0.0,0.0,0,3,0,0,1,Matches,dfb64760
20,Fredrik Aursnes,no NOR,MF,Feyenoord,25,1995,27.6,1714,2087,82.1,28914,9670,777,872,89.1,706,811,87.1,155,260,59.6,4,3.1,3.6,+0.9,37,212,36,3,173,Matches,f0677ed7
21,Aventis Aventisian,gr GRE,DF,Go Ahead Eag,18,2002,0.0,3,3,100.0,55,9,2,2,100.0,0,0,,1,1,100.0,0,0.0,0.0,0.0,0,0,0,0,0,Matches,450bb001
22,Ayman Azhil,ma MAR,MF,RKC Waalwijk,20,2001,18.6,467,622,75.1,7591,2350,239,288,83.0,184,236,78.0,34,59,57.6,0,1.2,0.9,-1.2,14,48,8,0,54,Matches,ce81d82d
23,Ismail Azzaoui,be BEL,FWMF,Heracles Almelo,23,1998,4.8,119,177,67.2,1703,368,67,88,76.1,36,51,70.6,7,9,77.8,1,0.9,0.6,+0.1,7,7,8,2,15,Matches,272cfd72
24,Aliou Badara Baldé,sn SEN,FW,Feyenoord,18,2002,0.1,2,2,100.0,31,0,1,1,100.0,1,1,100.0,0,0,,0,0.0,0.0,0.0,0,0,0,0,0,Matches,7362a6f2
25,Nikolai Baden Frederiksen,dk DEN,FW,Vitesse,21,2000,14.5,117,190,61.6,1790,442,50,74,67.6,49,70,70.0,6,14,42.9,1,1.8,1.3,-0.8,11,9,8,0,15,Matches,3b216df2
26,Samy Baghdadi,fr FRA,FWMF,Fortuna Sittard,24,1997,4.8,74,121,61.2,1230,296,36,45,80.0,30,44,68.2,6,16,37.5,0,0.3,0.6,-0.3,3,3,2,0,6,Matches,ab4dc365
27,Saïd Bakari,km COM,DFMF,RKC Waalwijk,26,1994,26.3,807,1096,73.6,12290,4760,435,522,83.3,301,386,78.0,44,115,38.3,3,4.4,3.5,-1.4,45,54,40,14,90,Matches,3a0fbf82
28,Johan Bakayoko,be BEL,FW,PSV Eindhoven,18,2003,0.4,13,17,76.5,170,85,9,9,100.0,4,7,57.1,0,0,,0,0.0,0.1,0.0,0,1,1,0,3,Matches,0caa2fd4
29,Navajo Bakboord,nl NED,DF,Heracles Almelo,22,1999,5.4,172,239,72.0,2983,1372,75,86,87.2,77,102,75.5,15,30,50.0,0,0.3,0.1,-0.3,2,9,2,0,10,Matches,216d25a3
30,Sinan Bakış,tr TUR,FW,Heracles Almelo,27,1994,17.0,238,341,69.8,3382,646,123,171,71.9,82,108,75.9,12,23,52.2,0,0.7,1.1,-0.7,8,21,3,0,16,Matches,5d613204
31,Justin Bakker,nl NED,DF,Go Ahead Eag,23,1998,8.2,363,498,72.9,7913,3653,118,130,90.8,166,204,81.4,72,144,50.0,1,0.9,1.1,+0.1,9,39,15,4,34,Matches,b0d187a8
32,Nick Bakker,nl NED,DF,Heerenveen,29,1992,18.2,686,804,85.3,13522,4191,212,240,88.3,386,422,91.5,78,122,63.9,1,1.1,1.0,-0.1,6,32,3,0,33,Matches,c62e8074
33,Remco Balk,nl NED,FWMF,Utrecht,20,2001,5.0,77,122,63.1,1102,239,44,63,69.8,27,38,71.1,3,9,33.3,1,1.3,1.9,-0.3,6,1,7,2,6,Matches,e685ff44
34,Alex Bangura,sl SLE,DF,Cambuur,22,1999,26.8,1044,1266,82.5,16636,4253,550,609,90.3,390,464,84.1,74,127,58.3,0,0.7,0.6,-0.7,12,48,7,0,34,Matches,c47e09ba
35,Naoufal Bannis,nl NED,MFFW,Feyenoord,19,2002,0.2,3,4,75.0,33,12,0,1,0.0,1,1,100.0,0,0,,0,0.3,0.0,-0.3,1,1,0,0,0,Matches,0658de43
36,Yusuf Barasi,tr TUR,FW,AZ Alkmaar,18,2003,0.6,14,17,82.4,182,27,9,10,90.0,2,3,66.7,1,1,100.0,0,0.1,0.1,-0.1,1,0,1,0,1,Matches,5c0466ba
37,Édgar Barreto,py PAR,MFDF,NEC Nijmegen,37,1984,13.8,553,684,80.8,8766,3262,286,332,86.1,201,223,90.1,43,91,47.3,0,0.3,0.6,-0.3,6,52,11,1,50,Matches,43a1bea5
38,Bilal Başaçıkoğlu,tr TUR,FWMF,Heracles Almelo,26,1995,16.4,296,497,59.6,5242,1557,151,189,79.9,92,156,59.0,46,108,42.6,2,3.8,3.1,-1.8,25,17,20,13,21,Matches,b9052bad
39,Cole Bassett,us USA,MFDF,Feyenoord,20,2001,1.0,49,61,80.3,760,135,24,29,82.8,15,18,83.3,6,10,60.0,1,0.3,0.2,+0.7,4,4,2,0,4,Matches,2c8da8a1
40,Riechedly Bazoer,nl NED,DF,Vitesse,24,1996,21.8,1129,1380,81.8,24067,8725,402,437,92.0,480,529,90.7,221,361,61.2,4,1.5,1.3,+2.5,17,136,22,6,98,Matches,da59a197
41,Sven van Beek,nl NED,DF,Heerenveen,27,1994,28.5,1298,1538,84.4,25066,9497,464,518,89.6,657,714,92.0,154,261,59.0,0,0.4,0.6,-0.4,5,53,6,1,61,Matches,49312f11
42,Thomas Beekman,nl NED,MF,NEC Nijmegen,21,2000,0.1,0,2,0.0,0,0,0,1,0.0,0,1,0.0,0,0,,0,0.0,0.0,0.0,0,0,0,0,0,Matches,96ed76f9
43,Thomas Beelen,nl NED,MFDF,Zwolle,20,2001,0.8,30,36,83.3,487,185,15,18,83.3,13,13,100.0,2,3,66.7,0,0.0,0.0,0.0,0,4,1,0,5,Matches,530e7d85
44,Iliass Bel Hassani,ma MAR,MFFW,RKC Waalwijk,28,1992,9.3,245,364,67.3,4512,1599,113,144,78.5,71,98,72.4,48,83,57.8,2,1.5,1.8,+0.5,15,37,11,1,34,Matches,6b42981c
45,Benaissa Benamar,ma MAR,DF,Utrecht,24,1997,1.0,68,82,82.9,1247,434,27,31,87.1,37,42,88.1,4,9,44.4,0,0.0,0.0,0.0,0,2,0,0,1,Matches,01ca961e
46,Charlison Benschop,cw CUW,FW,Fortuna Sittard,31,1989,6.4,68,121,56.2,841,191,46,71,64.8,16,30,53.3,1,4,25.0,0,0.6,0.1,-0.6,3,7,2,0,3,Matches,fc93fdf1
47,Martijn Berden,nl NED,FWMF,Go Ahead Eag,24,1997,6.9,99,147,67.3,1436,403,56,67,83.6,27,43,62.8,9,14,64.3,2,1.4,1.2,+0.6,8,4,5,2,10,Matches,adb499a9
48,Mitchell van Bergen,nl NED,FW,Heerenveen,21,1999,1.0,32,41,78.0,501,94,17,19,89.5,11,14,78.6,2,4,50.0,0,0.1,0.1,-0.1,1,0,2,1,1,Matches,0b2c9aec
49,Steven Berghuis,nl NED,MFFW,Ajax,29,1991,26.5,1247,1589,78.5,21039,6453,633,714,88.7,397,491,80.9,156,259,60.2,11,9.9,12.1,+1.1,79,122,82,13,167,Matches,713c144a
50,Emil Bergström,se SWE,DF,Willem II,28,1993,8.3,299,376,79.5,6052,1747,74,94,78.7,184,208,88.5,37,65,56.9,0,0.3,0.1,-0.3,3,16,0,0,12,Matches,0b4854f9
51,Matúš Bero,sk SVK,MF,Vitesse,25,1995,24.2,708,979,72.3,10738,2713,364,447,81.4,254,337,75.4,48,94,51.1,1,1.4,1.5,-0.4,16,69,17,4,65,Matches,b5e0af76
52,Tom Beugelsdijk,nl NED,DF,Sparta R'dam,30,1990,17.0,514,664,77.4,10320,3522,152,196,77.6,295,343,86.0,61,107,57.0,0,0.7,0.8,-0.7,3,20,2,0,26,Matches,9f36b9a0
53,Sam Beukema,nl NED,DF,AZ Alkmaar,22,1998,11.0,540,646,83.6,10056,3959,189,214,88.3,300,330,90.9,43,84,51.2,1,0.4,0.4,+0.6,3,38,3,1,35,Matches,de13cee5
54,Justin Bijlow,nl NED,GK,Feyenoord,23,1998,22.0,558,729,76.5,14729,10392,108,108,100.0,283,285,99.3,165,332,49.7,0,0.5,0.0,-0.5,2,11,0,0,1,Matches,53d93280
55,Janis Blaswich,de GER,GK,Heracles Almelo,30,1991,22.0,577,812,71.1,16176,11078,81,81,100.0,308,321,96.0,188,406,46.3,0,0.0,0.1,0.0,2,12,2,1,1,Matches,663e080e
56,Daley Blind,nl NED,DF,Ajax,31,1990,31.2,2592,3096,83.7,46574,20707,1143,1262,90.6,1157,1332,86.9,269,399,67.4,2,3.9,7.6,-1.9,28,434,93,12,381,Matches,691bef82
57,Tom Boere,nl NED,FW,Cambuur,28,1992,14.1,203,306,66.3,3233,490,101,142,71.1,81,101,80.2,11,14,78.6,1,1.9,1.0,-0.9,15,17,5,2,20,Matches,464d927e
58,Melayro Bogarde,nl NED,MF,Groningen,19,2002,2.7,63,91,69.2,1073,302,26,35,74.3,28,38,73.7,5,8,62.5,0,0.0,0.1,0.0,1,4,3,1,6,Matches,1fda91b3
59,Wilfried Bony,ci CIV,FW,NEC Nijmegen,32,1988,0.2,4,5,80.0,32,4,3,4,75.0,0,0,,0,0,,0,0.0,0.0,0.0,0,0,0,0,0,Matches,61abe9b6
60,Pieter Bos,nl NED,GK,Cambuur,24,1997,5.1,143,217,65.9,4265,3197,28,28,100.0,62,62,100.0,52,121,43.0,0,0.0,0.0,0.0,0,0,0,0,0,Matches,6718689b
61,Olivier Boscagli,fr FRA,DFMF,PSV Eindhoven,23,1997,26.2,1718,2081,82.6,35971,13117,517,594,87.0,891,970,91.9,288,457,63.0,0,1.1,1.6,-1.1,13,214,7,0,139,Matches,403f5d20
62,Jesse Bosch,nl NED,MF,Twente,21,2000,9.7,300,414,72.5,4417,975,160,200,80.0,105,131,80.2,14,38,36.8,0,1.2,1.2,-1.2,7,22,4,0,12,Matches,d2f169dd
63,Jordan Botaka,cd COD,MFDF,Fortuna Sittard,28,1993,1.8,66,87,75.9,1042,426,37,45,82.2,25,33,75.8,3,7,42.9,0,0.0,0.0,0.0,1,6,1,1,6,Matches,c339426b
64,Ioannis-Foivos Botos,gr GRE,MFFW,Go Ahead Eag,20,2000,11.5,206,305,67.5,2756,498,131,175,74.9,58,83,69.9,4,12,33.3,0,0.8,0.8,-0.8,8,13,8,1,19,Matches,e705903c
65,Achraf El Bouchataoui,nl NED,MF,RKC Waalwijk,21,2000,4.1,217,300,72.3,4255,1423,72,85,84.7,92,121,76.0,40,73,54.8,0,0.5,0.5,-0.5,6,24,6,2,23,Matches,d36b077d
66,Yacine Bourhane,km COM,MF,Go Ahead Eag,22,1998,0.5,24,27,88.9,403,102,11,13,84.6,10,11,90.9,2,2,100.0,0,0.0,0.2,0.0,0,2,0,0,3,Matches,dbe204f2
67,Othman Boussaid,be BEL,FWMF,Utrecht,21,2000,13.8,379,555,68.3,6291,2179,175,215,81.4,153,207,73.9,34,82,41.5,5,4.8,5.6,+0.2,27,31,28,8,61,Matches,c8b55104
68,Róbert Boženík,sk SVK,FW,Feyenoord,21,1999,0.2,1,1,100.0,11,10,1,1,100.0,0,0,,0,0,,0,0.0,0.0,0.0,0,1,0,0,0,Matches,ba6cf633
69,Wout Brama,nl NED,MF,Twente,34,1986,7.1,281,340,82.6,5013,1493,136,153,88.9,102,119,85.7,39,58,67.2,0,0.1,0.3,-0.1,2,27,3,0,26,Matches,4fad2198
70,Mattijs Branderhorst,nl NED,GK,NEC Nijmegen,27,1993,34.0,719,1095,65.7,18650,12931,184,185,99.5,311,323,96.3,219,574,38.2,0,0.0,0.0,0.0,1,2,0,0,0,Matches,b74a2c78
71,Myron van Brederode,nl NED,FW,AZ Alkmaar,18,2003,0.1,10,13,76.9,178,45,3,5,60.0,5,5,100.0,1,1,100.0,0,0.0,0.0,0.0,0,1,0,0,1,Matches,485fbd1a
72,Michael Breij,nl NED,MFFW,Cambuur,24,1997,15.5,270,398,67.8,4485,1366,150,180,83.3,87,130,66.9,27,53,50.9,3,2.1,2.1,+0.9,16,30,16,5,40,Matches,5c3f57af
73,Joshua Brenet,nl NED,DF,Twente,27,1994,11.1,441,613,71.9,6878,2690,253,306,82.7,142,205,69.3,30,59,50.8,1,1.0,1.3,0.0,14,41,13,4,35,Matches,2b5527c4
74,Brian Brobbey,nl NED,FW,Ajax,19,2002,4.4,60,81,74.1,638,100,40,54,74.1,12,14,85.7,0,1,0.0,1,0.7,1.0,+0.3,4,5,1,0,3,Matches,4c184730
75,Jorn Brondeel,be BEL,GK,Willem II,27,1993,1.2,19,39,48.7,838,748,1,1,100.0,4,4,100.0,14,34,41.2,0,0.0,0.0,0.0,0,3,0,0,0,Matches,f456c788
76,Ilias Bronkhorst,nl NED,DFFW,NEC Nijmegen,24,1997,2.2,56,89,62.9,1029,395,29,36,80.6,20,30,66.7,5,11,45.5,0,0.3,0.2,-0.3,3,7,2,0,3,Matches,ed3a1cee
77,Luuk Brouwers,nl NED,MF,Go Ahead Eag,23,1998,31.9,1302,1534,84.9,21482,7237,608,688,88.4,544,615,88.5,105,138,76.1,2,2.4,2.8,-0.4,21,93,22,4,122,Matches,82306565
78,Jordy Bruijn,nl NED,MFFW,NEC Nijmegen,25,1996,20.1,485,644,75.3,8914,2986,209,255,82.0,190,233,81.5,68,109,62.4,3,2.2,1.7,+0.8,19,58,10,1,53,Matches,8f9efeef
79,Bruma,pt POR,FWMF,PSV Eindhoven,26,1994,14.1,571,729,78.3,7163,2021,379,446,85.0,127,166,76.5,18,31,58.1,3,4.9,5.6,-1.9,31,34,35,1,55,Matches,5caa62a7
80,Max Bruns,nl NED,DF,Twente,18,2002,1.2,33,39,84.6,636,194,11,12,91.7,17,19,89.5,5,6,83.3,0,0.0,0.0,0.0,0,0,0,0,1,Matches,ff9eae4d
81,Koen Bucker,nl NED,GK,Heracles Almelo,25,1996,12.0,278,415,67.0,9442,6929,22,22,100.0,116,118,98.3,140,270,51.9,0,0.0,0.0,0.0,0,7,0,0,0,Matches,1da4fe81
82,Thomas Buitink,nl NED,FWMF,Vitesse,21,2000,12.8,209,319,65.5,3567,1124,100,130,76.9,66,88,75.0,29,56,51.8,0,0.8,1.6,-0.8,10,34,14,4,23,Matches,b9d4af9d
83,Wouter Burger,nl NED,DF,Feyenoord,20,2001,0.9,69,75,92.0,1399,537,23,23,100.0,35,36,97.2,11,13,84.6,0,0.0,0.0,0.0,0,13,0,0,7,Matches,fc571dff
84,Delano Burgzorg,nl NED,FWMF,Heracles Almelo,22,1998,12.8,221,276,80.1,3083,652,130,152,85.5,71,85,83.5,10,13,76.9,0,0.9,1.2,-0.9,15,12,19,0,25,Matches,05e2d5ea
85,Alexander Büttner,nl NED,DFMF,RKC Waalwijk,32,1989,20.9,748,1084,69.0,13812,5499,358,417,85.9,266,347,76.7,106,250,42.4,4,3.6,3.3,+0.4,41,65,27,19,56,Matches,a44f7c60
86,Zico Buurmeester,nl NED,MFDF,AZ Alkmaar,19,2002,0.0,1,1,100.0,45,7,0,0,,0,0,,1,1,100.0,0,0.0,0.0,0.0,0,0,0,0,0,Matches,62766c3f
87,Marc Cardona,es ESP,FW,Go Ahead Eag,26,1995,8.8,155,230,67.4,2208,557,81,107,75.7,55,73,75.3,9,14,64.3,2,1.6,1.2,+0.4,13,14,8,1,19,Matches,b92b456a
88,João Carlos Teixeira,pt POR,MF,Feyenoord,28,1993,0.1,7,7,100.0,106,27,4,4,100.0,3,3,100.0,0,0,,0,0.0,0.0,0.0,0,1,0,0,1,Matches,601299e9
89,Gabi Caschili,nl NED,MF,Zwolle,18,2003,0.1,5,11,45.5,92,41,2,6,33.3,2,4,50.0,1,1,100.0,0,0.0,0.0,0.0,1,1,0,0,0,Matches,c4c63c88
90,Joel Castro Pereira,pt POR,GK,RKC Waalwijk,25,1996,2.0,54,84,64.3,1794,1521,10,10,100.0,18,19,94.7,23,51,45.1,0,0.0,0.0,0.0,0,0,0,0,0,Matches,881e5db7
91,Václav Černý,cz CZE,FW,Twente,23,1997,6.0,207,277,74.7,2917,857,116,135,85.9,70,91,76.9,9,20,45.0,1,1.3,1.5,-0.3,10,13,14,4,24,Matches,bb1cf301
92,Ibrahim Cissoko,nl NED,FW,NEC Nijmegen,18,2003,1.0,29,36,80.6,472,174,17,19,89.5,9,10,90.0,3,4,75.0,0,0.0,0.1,0.0,1,5,2,1,4,Matches,abddf25d
93,Jordy Clasie,nl NED,MF,AZ Alkmaar,30,1991,26.8,1632,1906,85.6,28999,8193,714,784,91.1,715,796,89.8,167,241,69.3,0,1.3,2.2,-1.3,22,175,19,0,146,Matches,31c01b85
94,Pelle Clement,nl NED,MFFW,Zwolle,25,1996,15.2,441,655,67.3,6465,2182,257,333,77.2,125,171,73.1,31,82,37.8,2,3.2,3.5,-1.2,35,31,24,8,50,Matches,f7226e46
95,Denilho Cleonise,nl NED,FWMF,Twente,19,2001,2.1,31,48,64.6,552,162,14,21,66.7,13,18,72.2,3,6,50.0,0,0.3,0.3,-0.3,2,5,2,1,2,Matches,91c9de34
96,Iñigo Córdoba,es ESP,FWMF,Go Ahead Eag,24,1997,25.7,524,851,61.6,8168,2785,288,384,75.0,153,236,64.8,53,116,45.7,1,2.1,2.5,-1.1,24,60,25,10,68,Matches,49ea92be
97,Tim Coremans,nl NED,GK,Sparta R'dam,30,1991,3.0,65,89,73.0,1950,1518,15,15,100.0,27,27,100.0,23,46,50.0,0,0.0,0.0,0.0,0,1,0,0,0,Matches,4c0199a5
98,Enzo Cornelisse,nl NED,DF,Vitesse,18,2003,9.3,305,385,79.2,5205,1870,135,158,85.4,137,159,86.2,20,43,46.5,0,0.0,0.1,0.0,1,17,1,0,26,Matches,441f7f4c
99,George Cox,eng ENG,DF,Fortuna Sittard,23,1998,24.4,738,1116,66.1,14034,5606,326,395,82.5,271,381,71.1,127,268,47.4,2,3.3,2.8,-1.3,29,38,15,11,45,Matches,8c25d35a
100,Vito van Crooy,nl NED,MFFW,Sparta R'dam,25,1996,24.2,455,735,61.9,8004,2482,221,296,74.7,166,261,63.6,53,120,44.2,4,2.6,3.1,+1.4,29,45,17,6,52,Matches,4b8b9e6c
101,Daniel Crowley,eng ENG,MF,Willem II,23,1997,9.5,377,445,84.7,6572,1653,177,188,94.1,150,168,89.3,40,67,59.7,0,1.6,1.8,-1.6,11,43,7,1,31,Matches,0c4f30d6
102,Adrián Dalmau,es ESP,FW,Sparta R'dam,27,1994,6.5,67,108,62.0,977,132,34,55,61.8,24,36,66.7,3,4,75.0,0,0.7,0.2,-0.7,8,0,1,0,4,Matches,7330f886
103,Adrián Dalmau,es ESP,FW,Utrecht,27,1994,2.7,22,32,68.8,255,45,15,21,71.4,6,7,85.7,0,0,,0,0.3,0.1,-0.3,3,1,1,0,2,Matches,7330f886
104,Wessel Dammers,nl NED,DFMF,Groningen,26,1995,13.3,521,616,84.6,11189,3409,123,146,84.2,324,351,92.3,71,107,66.4,2,0.9,0.4,+1.1,6,28,2,1,31,Matches,4ded7677
105,Wessel Dammers,nl NED,DF,Willem II,26,1995,13.9,502,587,85.5,10445,2967,120,132,90.9,306,335,91.3,72,105,68.6,1,0.4,0.2,+0.6,4,23,4,2,28,Matches,4ded7677
106,Lennerd Daneels,be BEL,FWMF,RKC Waalwijk,23,1998,6.3,138,205,67.3,2129,576,78,95,82.1,41,62,66.1,11,26,42.3,1,0.8,0.9,+0.2,8,13,7,2,11,Matches,c1b55b50
107,Danilo,br BRA,FWMF,Ajax,22,1999,3.1,84,113,74.3,961,202,51,59,86.4,16,21,76.2,3,5,60.0,1,1.1,0.6,-0.1,6,7,4,0,8,Matches,ccd38335
108,Damil Dankerlui,sr SUR,DFMF,Groningen,24,1996,16.6,621,859,72.3,11863,3629,245,294,83.3,277,353,78.5,90,173,52.0,2,2.6,2.3,-0.6,18,57,14,11,50,Matches,95646f9b
109,Mohammed Daramy,dk DEN,FWMF,Ajax,19,2002,2.3,94,127,74.0,1209,249,59,72,81.9,28,34,82.4,0,2,0.0,3,2.7,2.2,+0.3,12,4,6,2,6,Matches,06a1d642
110,Oussama Darfalou,dz ALG,FW,Vitesse,27,1993,6.0,88,135,65.2,1238,306,54,74,73.0,19,32,59.4,7,8,87.5,2,0.4,0.6,+1.6,6,5,4,0,11,Matches,5a81c2ec
111,Oussama Darfalou,dz ALG,FW,Zwolle,27,1993,9.7,136,236,57.6,1711,496,84,126,66.7,31,57,54.4,6,12,50.0,3,0.7,0.9,+2.3,8,14,12,0,24,Matches,5a81c2ec
112,Eli Dasa,il ISR,DFMF,Vitesse,28,1992,29.1,1288,1713,75.2,21490,7946,670,745,89.9,429,574,74.7,135,290,46.6,5,5.7,5.9,-0.7,64,91,70,41,110,Matches,12947ab7
113,Jeffrey De Lange,nl NED,GK,Twente,23,1998,2.0,49,79,62.0,1290,967,16,17,94.1,16,16,100.0,17,46,37.0,0,0.0,0.0,0.0,0,0,0,0,0,Matches,c31cf14b
114,Mathias De Wolf,be BEL,FW,NEC Nijmegen,19,2002,0.1,1,2,50.0,15,0,1,2,50.0,0,0,,0,0,,0,0.0,0.0,0.0,0,0,0,0,0,Matches,1fe87f86
115,Mats Deijl,nl NED,DFMF,Go Ahead Eag,24,1997,27.1,805,1181,68.2,12412,4950,430,515,83.5,288,422,68.2,52,159,32.7,2,1.8,1.7,+0.2,15,58,15,5,75,Matches,709e48d4
116,Thomas van den Belt,nl NED,MF,Zwolle,20,2001,22.9,796,1108,71.8,13893,4540,360,443,81.3,330,425,77.6,82,167,49.1,1,2.3,2.5,-1.3,26,112,17,3,105,Matches,a686ef30
117,Connor van den Berg,nl NED,GK,Willem II,20,2001,0.8,8,26,30.8,390,368,0,0,,2,2,100.0,6,24,25.0,0,0.0,0.0,0.0,0,0,0,0,0,Matches,5c48b25f
118,Rav van den Berg,nl NED,DF,Zwolle,17,2004,4.1,183,232,78.9,3315,1125,81,91,89.0,79,98,80.6,20,34,58.8,0,0.1,0.1,-0.1,2,10,1,1,6,Matches,e962e4b5
119,Arjen van der Heide,nl NED,FWMF,Heerenveen,19,2001,5.5,109,166,65.7,1382,349,68,83,81.9,32,49,65.3,1,11,9.1,1,0.6,0.5,+0.4,7,4,5,2,8,Matches,c528605b
120,Mike van der Hoorn,nl NED,DF,Utrecht,28,1992,28.6,1227,1537,79.8,26102,10489,342,394,86.8,690,798,86.5,183,307,59.6,2,1.6,1.2,+0.4,6,86,5,0,80,Matches,25f50295
121,Djevencio van der Kust,nl NED,DF,Utrecht,20,2001,10.7,424,568,74.6,7518,2711,193,227,85.0,176,225,78.2,46,76,60.5,0,1.1,1.2,-1.1,7,33,17,8,26,Matches,e276e3e6
122,Mark van der Maarel,nl NED,DF,Utrecht,31,1989,22.7,1033,1298,79.6,20169,8918,360,414,87.0,528,610,86.6,125,214,58.4,1,0.7,1.3,+0.3,11,101,14,5,90,Matches,a31f9e95
123,Jhondly van der Meer,ht HAI,DF,Cambuur,19,2002,4.7,196,243,80.7,4091,1273,53,67,79.1,118,136,86.8,24,34,70.6,0,0.1,0.1,-0.1,2,5,2,0,9,Matches,343e3125
124,Richard van der Venne,nl NED,MF,RKC Waalwijk,29,1992,15.0,280,415,67.5,4575,1477,134,175,76.6,109,148,73.6,22,45,48.9,3,2.9,2.9,+0.1,20,34,16,3,36,Matches,623e6a05
125,Maikel van der Werff,nl NED,DF,Zwolle,32,1989,5.5,244,331,73.7,4791,1860,81,108,75.0,114,138,82.6,41,69,59.4,0,0.1,0.1,-0.1,2,21,1,1,20,Matches,36d320ec
126,Karim Dermane,tg TOG,MF,Feyenoord,17,2003,0.1,3,7,42.9,92,54,0,3,0.0,2,2,100.0,1,2,50.0,0,0.0,0.0,0.0,0,1,0,0,0,Matches,51afbba4
127,Cyriel Dessers,ng NGA,FW,Feyenoord,26,1994,12.0,145,210,69.0,1749,259,92,114,80.7,39,59,66.1,2,5,40.0,2,1.6,1.0,+0.4,15,6,4,0,9,Matches,dcb38abe
128,Mark Diemers,nl NED,MFFW,Feyenoord,27,1993,0.2,7,15,46.7,93,38,6,11,54.5,0,2,0.0,1,1,100.0,1,0.2,0.1,+0.8,1,0,0,0,0,Matches,8a6e0e81
129,Ritsu Doan,jp JPN,FWMF,PSV Eindhoven,23,1998,16.8,527,671,78.5,7442,1883,307,357,86.0,155,185,83.8,30,51,58.8,1,2.4,3.8,-1.4,14,47,30,4,55,Matches,d01bbb6f
130,Danilho Doekhi,nl NED,DF,Vitesse,23,1998,28.9,1191,1513,78.7,20667,7330,522,607,86.0,542,656,82.6,93,181,51.4,0,1.0,0.6,-1.0,12,94,3,0,82,Matches,f67c9d29
131,Toni Domgjoni,xk KVX,MF,Vitesse,22,1998,11.9,395,510,77.5,5620,1607,229,266,86.1,113,143,79.0,23,40,57.5,1,1.6,1.4,-0.6,6,27,9,1,30,Matches,ead51916
132,Nick Doodeman,nl NED,FWMF,Cambuur,24,1996,6.5,113,172,65.7,1556,351,64,84,76.2,35,55,63.6,5,13,38.5,3,2.1,1.4,+0.9,16,5,6,3,6,Matches,e8a20073
133,Anastasios Douvikas,gr GRE,FW,Utrecht,21,1999,26.4,262,421,62.2,3650,705,151,210,71.9,78,116,67.2,13,20,65.0,3,3.8,3.6,-0.8,19,20,11,0,27,Matches,853ca71c
134,Augustin Drakpe,nl NED,DF,Sparta R'dam,19,2001,0.3,5,8,62.5,72,26,3,3,100.0,2,3,66.7,0,1,0.0,0,0.0,0.0,0.0,0,0,0,0,0,Matches,08fe4a1a
135,Ibrahim Drešević,xk KVX,DF,Heerenveen,24,1997,22.8,1033,1259,82.0,21013,7723,336,380,88.4,514,574,89.5,161,253,63.6,0,0.9,1.0,-0.9,8,64,7,2,60,Matches,811ca2d3
136,Joel Drommel,nl NED,GK,PSV Eindhoven,24,1996,26.0,509,725,70.2,13534,8879,118,118,100.0,229,235,97.4,158,368,42.9,0,0.0,0.1,0.0,0,11,3,0,0,Matches,510c6a3f
137,Deroy Duarte,cv CPV,MFDF,Fortuna Sittard,22,1999,30.0,707,942,75.1,11558,3136,354,421,84.1,273,345,79.1,57,118,48.3,2,2.4,2.0,-0.4,21,60,12,2,52,Matches,6af8fc5b
138,Laros Duarte,nl NED,MF,Sparta R'dam,24,1997,2.1,64,84,76.2,1430,625,17,21,81.0,30,34,88.2,16,27,59.3,0,0.3,0.2,-0.3,5,14,1,0,8,Matches,4af3d3c8
139,Laros Duarte,nl NED,MF,Groningen,24,1997,25.4,798,1059,75.4,15320,4944,289,331,87.3,387,451,85.8,109,233,46.8,3,2.7,2.4,+0.3,26,89,6,1,89,Matches,4af3d3c8
140,Mikkel Duelund,dk DEN,MFFW,NEC Nijmegen,24,1997,9.7,250,338,74.0,3633,840,144,180,80.0,78,100,78.0,15,20,75.0,2,1.4,1.7,+0.6,12,19,8,0,23,Matches,aaf0fd15
141,Jelle Duin,nl NED,FW,AZ Alkmaar,22,1999,0.2,3,4,75.0,50,0,1,1,100.0,2,3,66.7,0,0,,0,0.0,0.0,0.0,0,0,0,0,0,Matches,722d6a4f
142,Riza Durmisi,dk DEN,DF,Sparta R'dam,27,1994,6.8,158,238,66.4,2847,1178,69,83,83.1,71,94,75.5,15,54,27.8,0,0.2,0.2,-0.2,4,16,4,3,16,Matches,e5cd9da6
143,Zakaria Eddahchouri,nl NED,FW,Go Ahead Eag,21,2000,0.2,3,4,75.0,26,20,3,3,100.0,0,1,0.0,0,0,,0,0.0,0.0,0.0,0,0,0,0,0,Matches,eea195ea
144,Rens van Eijden,nl NED,MFDF,NEC Nijmegen,33,1988,0.3,9,10,90.0,159,61,3,4,75.0,6,6,100.0,0,0,,0,0.0,0.0,0.0,0,0,0,0,1,Matches,6fdb2d24
145,Emanuel Emegha,nl NED,FWMF,Sparta R'dam,18,2003,10.8,131,227,57.7,1660,234,91,125,72.8,29,68,42.6,3,6,50.0,0,0.4,0.6,-0.4,7,6,4,0,6,Matches,a0c590b9
146,Mario Engels,de GER,FW,Sparta R'dam,27,1993,12.2,121,188,64.4,1856,369,57,69,82.6,50,72,69.4,6,15,40.0,1,2.7,1.7,-1.7,10,3,5,3,5,Matches,123de70e
147,Luca Everink,nl NED,DF,Twente,20,2001,1.8,58,77,75.3,979,451,29,31,93.5,24,35,68.6,5,8,62.5,0,0.1,0.1,-0.1,1,2,1,1,3,Matches,b5e490d3
148,Håkon Evjen,no NOR,FWMF,AZ Alkmaar,21,2000,10.1,302,394,76.6,4974,831,160,191,83.8,103,126,81.7,28,45,62.2,1,1.2,1.2,-0.2,10,15,12,2,19,Matches,d019d5db
149,Milan van Ewijk,nl NED,DF,Heerenveen,20,2000,32.2,1206,1635,73.8,21778,7023,526,614,85.7,516,685,75.3,141,255,55.3,1,2.0,1.9,-1.0,21,76,18,8,88,Matches,58448fbb
150,Noah Fadiga,sn SEN,DF,Heracles Almelo,21,1999,30.1,1135,1418,80.0,18526,6426,563,639,88.1,440,518,84.9,94,160,58.8,0,1.1,1.5,-1.1,11,69,10,7,55,Matches,83f03b07
151,Leroy Fer,nl NED,MF,Feyenoord,31,1990,0.1,15,15,100.0,230,74,9,9,100.0,5,5,100.0,1,1,100.0,0,0.0,0.0,0.0,0,2,0,0,1,Matches,3cefa66a
152,Arianit Ferati,xk KVX,MFDF,Fortuna Sittard,23,1997,8.2,209,304,68.8,3540,1275,95,120,79.2,81,110,73.6,22,46,47.8,0,0.5,1.4,-0.5,4,19,5,2,23,Matches,b98b99e8
153,Leandro Fernandes,nl NED,FWMF,Zwolle,21,1999,0.8,16,30,53.3,325,135,5,10,50.0,8,10,80.0,3,6,50.0,0,0.0,0.1,0.0,1,5,1,1,1,Matches,e188b47f
154,Zian Flemming,nl NED,MFFW,Fortuna Sittard,22,1998,27.7,441,646,68.3,7075,1910,225,302,74.5,165,223,74.0,33,74,44.6,4,2.3,2.4,+1.7,30,46,18,3,57,Matches,b3f36e72
155,Juriën Gaari,cw CUW,DF,RKC Waalwijk,27,1993,25.8,824,1145,72.0,14255,5325,368,440,83.6,371,509,72.9,67,124,54.0,1,0.8,1.1,+0.2,10,56,18,9,57,Matches,bf7a9d1a
156,Cody Gakpo,nl NED,FW,PSV Eindhoven,22,1999,21.2,559,813,68.8,7750,2828,326,395,82.5,135,187,72.2,43,129,33.3,12,10.8,9.5,+1.2,71,35,31,6,54,Matches,1971591f
157,Yann Gboho,fr FRA,MFFW,Vitesse,20,2001,10.6,248,320,77.5,3160,942,160,189,84.7,66,80,82.5,6,10,60.0,0,1.0,1.3,-1.0,14,17,18,0,33,Matches,6be41a31
158,Lutsharel Geertruida,nl NED,DF,Feyenoord,21,2000,19.1,979,1088,90.0,16191,5001,454,493,92.1,428,462,92.6,65,93,69.9,0,1.1,1.4,-1.1,11,71,9,1,59,Matches,242e1043
159,Liam van Gelderen,nl NED,DF,Ajax,20,2001,0.6,20,33,60.6,363,124,11,15,73.3,6,11,54.5,3,3,100.0,0,0.0,0.0,0.0,1,0,0,0,1,Matches,b4a3e50f
160,Tristan van Gilst,nl NED,FW,Zwolle,18,2003,0.2,1,3,33.3,8,0,1,2,50.0,0,0,,0,0,,0,0.0,0.0,0.0,0,0,0,0,0,Matches,a4a98497
161,Marco van Ginkel,nl NED,MF,PSV Eindhoven,28,1992,11.0,493,607,81.2,7269,2094,269,311,86.5,169,199,84.9,25,44,56.8,1,1.1,1.5,-0.1,17,64,13,1,46,Matches,47681787
162,Paul Gladon,nl NED,FW,Fortuna Sittard,29,1992,6.7,72,145,49.7,994,172,48,77,62.3,19,44,43.2,4,8,50.0,2,1.0,0.5,+1.0,5,8,2,0,3,Matches,326e96ff
163,Hilary Gong,ng NGA,DFFW,Vitesse,22,1998,0.7,7,12,58.3,115,39,5,6,83.3,1,4,25.0,1,1,100.0,0,0.1,0.1,-0.1,1,1,1,0,1,Matches,f43c9b3f
164,Jay Gorter,nl NED,GK,Ajax,21,2000,1.0,26,32,81.3,608,322,3,4,75.0,16,16,100.0,7,12,58.3,0,0.0,0.0,0.0,0,0,0,0,0,Matches,e0ee850b
165,Mario Götze,de GER,MF,PSV Eindhoven,29,1992,24.6,1339,1549,86.4,17779,3506,827,902,91.7,349,393,88.8,58,79,73.4,4,5.9,8.0,-1.9,57,86,61,8,98,Matches,9efa1d25
166,Kenzo Goudmijn,nl NED,MFFW,Sparta R'dam,19,2001,2.1,71,90,78.9,1261,300,26,31,83.9,34,42,81.0,6,9,66.7,0,0.1,0.3,-0.1,1,5,3,1,6,Matches,94eafdc4
167,Ryan Gravenberch,nl NED,MF,Ajax,19,2002,24.5,1284,1526,84.1,19466,5359,692,786,88.0,470,531,88.5,72,115,62.6,5,3.9,7.1,+1.1,32,144,45,2,127,Matches,b8e740fb
168,Adrian Grbić,at AUT,FWMF,Vitesse,24,1996,8.4,77,141,54.6,1012,181,44,73,60.3,20,31,64.5,3,4,75.0,0,0.6,0.9,-0.6,5,6,3,1,7,Matches,4a987ffa
169,Gabriel Gudmundsson,se SWE,DF,Groningen,22,1999,2.7,72,121,59.5,1398,419,29,36,80.6,28,41,68.3,14,37,37.8,0,0.4,0.3,-0.4,3,2,3,3,5,Matches,d5d22a58
170,Maxim Gullit,nl NED,DF,Cambuur,20,2001,1.3,33,46,71.7,708,239,11,16,68.8,15,18,83.3,7,11,63.6,0,0.0,0.0,0.0,0,2,0,0,0,Matches,e791ed65
171,Simon Gustafson,se SWE,MFFW,Utrecht,26,1995,15.0,469,649,72.3,7808,2357,223,272,82.0,167,228,73.2,53,100,53.0,2,2.3,2.7,-0.3,23,52,29,2,62,Matches,d7556379
172,Rodrigo Guth,br BRA,DF,NEC Nijmegen,20,2000,18.4,765,970,78.9,14668,5131,257,295,87.1,433,498,86.9,68,148,45.9,0,0.6,0.7,-0.6,9,23,4,1,37,Matches,cb1916e0
173,Erick Gutiérrez,mx MEX,MFDF,PSV Eindhoven,26,1995,19.3,1139,1318,86.4,19362,5888,538,594,90.6,472,515,91.7,103,152,67.8,2,0.6,1.3,+1.4,9,134,15,0,88,Matches,c7842dab
174,Albert Guðmundsson,is ISL,FW,AZ Alkmaar,24,1997,12.1,349,441,79.1,5306,1198,189,214,88.3,123,151,81.5,23,36,63.9,1,2.5,2.4,-1.5,16,36,22,3,46,Matches,b79858d5
175,Warner Hahn,sr SUR,GK,Go Ahead Eag,29,1992,19.0,542,808,67.1,15831,12004,115,115,100.0,239,245,97.6,187,444,42.1,0,0.4,0.0,-0.4,2,14,0,0,0,Matches,4117e3f3
176,Tomáš Hájek,cz CZE,DF,Vitesse,29,1991,10.1,327,445,73.5,5908,2505,140,168,83.3,144,184,78.3,33,69,47.8,0,0.4,0.4,-0.4,4,22,3,1,24,Matches,29102874
177,Rami Al Hajj,se SWE,MFFW,Heerenveen,19,2001,5.2,163,203,80.3,2413,688,90,107,84.1,49,61,80.3,13,18,72.2,0,1.3,0.7,-1.3,10,15,2,0,11,Matches,ee21e7b3
178,Tibor Halilović,hr CRO,MFFW,Heerenveen,26,1995,28.7,783,972,80.6,12140,3459,406,481,84.4,295,346,85.3,49,79,62.0,2,3.2,3.2,-1.2,20,76,24,1,94,Matches,e8acf576
179,Denzel Hall,nl NED,DF,Feyenoord,20,2001,0.6,18,24,75.0,216,53,10,13,76.9,6,8,75.0,0,0,,0,0.1,0.1,-0.1,1,0,1,1,0,Matches,99cad471
180,Sébastien Haller,ci CIV,FW,Ajax,27,1994,28.5,542,776,69.8,6854,1118,336,443,75.8,132,181,72.9,18,32,56.3,7,6.6,5.4,+0.4,44,37,16,0,45,Matches,ba115a40
181,Mohamed El Hankouri,nl NED,MFDF,Groningen,24,1997,25.8,638,922,69.2,11551,2785,271,331,81.9,282,388,72.7,71,151,47.0,5,2.5,2.6,+2.5,23,40,23,11,53,Matches,d3a7f047
182,Emil Hansson,se SWE,FWMF,Fortuna Sittard,23,1998,7.2,176,234,75.2,2369,607,115,126,91.3,40,51,78.4,10,35,28.6,0,0.4,0.5,-0.4,4,7,6,2,13,Matches,0b1e3c10
183,Emil Hansson,se SWE,MFFW,Heracles Almelo,23,1998,6.3,142,196,72.4,2157,641,74,82,90.2,51,68,75.0,9,24,37.5,4,2.1,2.0,+1.9,14,9,5,1,13,Matches,0b1e3c10
184,Ridgeciano Haps,sr SUR,FW,Feyenoord,28,1993,0.2,13,17,76.5,165,25,10,11,90.9,2,2,100.0,1,3,33.3,1,0.8,0.0,+0.2,1,0,0,0,0,Matches,c8d7131c
185,Abdou Harroui,nl NED,MF,Sparta R'dam,23,1998,1.0,44,52,84.6,849,113,14,15,93.3,25,28,89.3,3,6,50.0,0,0.0,0.0,0.0,0,5,0,0,1,Matches,65fd099c
186,Pantelis Hatzidiakos,gr GRE,DF,AZ Alkmaar,24,1997,23.4,1404,1635,85.9,27836,11028,461,513,89.9,774,837,92.5,156,246,63.4,0,0.3,0.6,-0.3,3,104,7,1,95,Matches,78a3c38e
187,Thom Haye,nl NED,MF,Heerenveen,26,1995,13.6,591,837,70.6,13516,5291,189,234,80.8,239,302,79.1,156,265,58.9,5,4.0,3.1,+1.0,35,95,25,11,81,Matches,1d110865
188,Freek Heerkens,nl NED,DFMF,Willem II,31,1989,17.8,578,760,76.1,12024,4468,166,198,83.8,336,384,87.5,72,146,49.3,0,0.1,0.2,-0.1,1,47,2,0,39,Matches,38cc300d
189,Ogechika Heil,de GER,FWMF,Go Ahead Eag,20,2000,7.9,164,229,71.6,2472,492,85,101,84.2,59,74,79.7,9,20,45.0,1,1.0,0.9,0.0,10,9,7,2,14,Matches,375b59b4
190,Ramon Hendriks,nl NED,DF,Feyenoord,20,2001,2.7,123,158,77.8,2369,527,47,53,88.7,60,70,85.7,15,28,53.6,0,0.0,0.1,0.0,1,5,0,0,1,Matches,5a28ad23
191,Sam Hendriks,nl NED,FWMF,Cambuur,26,1995,1.4,8,20,40.0,124,37,5,14,35.7,3,5,60.0,0,1,0.0,0,0.0,0.0,0.0,0,0,0,0,0,Matches,ae5dfb6a
192,Jorrit Hendrix,nl NED,MF,Feyenoord,26,1995,3.5,150,192,78.1,2367,743,87,96,90.6,48,63,76.2,11,22,50.0,0,0.3,0.1,-0.3,3,12,1,0,18,Matches,28eea0fc
193,Michaël Heylen,be BEL,DF,Sparta R'dam,27,1994,9.9,339,417,81.3,7477,2942,78,89,87.6,199,216,92.1,57,101,56.4,0,0.1,0.1,-0.1,2,19,1,0,14,Matches,8f299faf
194,Mees Hilgers,nl NED,DF,Twente,20,2001,20.2,870,1073,81.1,17561,5144,264,297,88.9,498,567,87.8,95,180,52.8,1,0.2,0.6,+0.8,5,67,3,0,39,Matches,4eb00fda
195,Bart van Hintum,nl NED,DF,Groningen,34,1987,24.4,1122,1494,75.1,25928,9660,277,309,89.6,589,696,84.6,249,455,54.7,2,1.1,1.2,+0.9,15,67,17,9,59,Matches,918e20ed
196,Mees Hoedemakers,nl NED,MF,Cambuur,23,1998,26.3,869,1154,75.3,16011,4743,356,422,84.4,384,457,84.0,106,216,49.1,1,1.3,1.7,-0.3,20,95,12,2,80,Matches,0914806a
197,Justin Hoogma,nl NED,DFMF,Heracles Almelo,23,1998,8.5,299,371,80.6,6565,2484,73,88,83.0,173,190,91.1,51,86,59.3,0,0.0,0.2,0.0,1,20,2,0,18,Matches,816192f0
198,Sydney van Hooijdonk,nl NED,FW,Heerenveen,21,2000,11.1,139,206,67.5,2172,450,69,92,75.0,46,70,65.7,12,19,63.2,1,1.2,0.5,-0.2,8,14,3,0,15,Matches,5b418e15
199,Jizz Hornkamp,nl NED,FW,Willem II,23,1998,11.9,166,267,62.2,2273,279,105,157,66.9,46,71,64.8,5,10,50.0,0,0.4,0.3,-0.4,7,10,2,0,7,Matches,862a72ea
200,Jeroen Houwen,nl NED,GK,Vitesse,25,1996,14.5,336,530,63.4,9429,7292,73,73,100.0,159,159,100.0,102,293,34.8,0,0.0,0.2,0.0,0,9,1,0,0,Matches,6d8ec266
201,Dean Huiberts,nl NED,MF,Zwolle,21,2000,12.8,325,437,74.4,4697,1350,203,242,83.9,91,116,78.4,19,28,67.9,0,0.5,0.8,-0.5,7,32,5,3,20,Matches,f5649337
202,Daan Huisman,nl NED,MFFW,Vitesse,19,2002,9.9,276,398,69.3,3886,1030,150,191,78.5,82,115,71.3,18,35,51.4,0,1.1,1.2,-1.1,19,19,14,3,31,Matches,d76070fd
203,Melih Ibrahimoglu,tr TUR,MF,Heracles Almelo,21,2000,0.5,14,18,77.8,231,48,8,11,72.7,5,6,83.3,1,1,100.0,0,0.0,0.0,0.0,0,2,0,0,1,Matches,6fa87bf4
204,Jay Idzes,nl NED,DFMF,Go Ahead Eag,21,2000,16.9,659,829,79.5,12936,4531,211,245,86.1,358,398,89.9,77,152,50.7,0,0.1,0.3,-0.1,2,27,3,0,27,Matches,a54ef587
205,Luka Ilić,rs SRB,MFFW,Twente,22,1999,2.6,64,86,74.4,1031,369,33,40,82.5,28,33,84.8,3,5,60.0,0,0.1,0.2,-0.1,2,6,4,0,9,Matches,7bbcff4d
206,Daleho Irandust,se SWE,MFFW,Groningen,23,1998,10.8,257,337,76.3,4368,920,116,136,85.3,105,125,84.0,24,45,53.3,1,2.0,1.2,-1.0,14,27,9,1,25,Matches,371c77c6
207,Jamie Jacobs,nl NED,MF,Cambuur,23,1997,21.2,400,627,63.8,6616,2239,206,286,72.0,140,199,70.4,42,68,61.8,5,3.5,2.8,+1.5,30,37,20,4,58,Matches,de4d92fd
208,Alireza Jahanbakhsh,ir IRN,FW,Feyenoord,27,1993,17.3,561,822,68.2,8976,2369,301,367,82.0,183,254,72.0,50,103,48.5,3,3.1,3.1,-0.1,35,39,42,9,70,Matches,08452314
209,Laurent Jans,lu LUX,DFMF,Sparta R'dam,28,1992,8.6,269,379,71.0,4815,1646,122,151,80.8,104,146,71.2,35,60,58.3,0,0.4,0.6,-0.4,5,27,12,7,29,Matches,0fbb73c2
210,Roel Janssen,nl NED,DF,Fortuna Sittard,31,1990,14.4,640,794,80.6,13544,5121,191,211,90.5,349,398,87.7,95,164,57.9,0,0.1,0.3,-0.1,2,49,5,0,38,Matches,d2c58277
211,Willem Janssen,nl NED,DF,Utrecht,35,1986,21.5,981,1159,84.6,19976,8253,312,344,90.7,539,595,90.6,124,201,61.7,0,0.6,0.6,-0.6,8,62,2,0,67,Matches,c397146c
212,Victor Jensen,dk DEN,MF,Ajax,21,2000,0.2,8,10,80.0,69,9,4,6,66.7,2,2,100.0,0,0,,0,0.0,0.0,0.0,0,0,1,0,1,Matches,97b2279d
213,Ryan Johansson,ie IRL,MFDF,Fortuna Sittard,20,2001,2.3,73,106,68.9,1264,283,38,51,74.5,24,32,75.0,8,13,61.5,0,0.1,0.1,-0.1,2,5,0,0,3,Matches,93750f7d
214,Miliano Jonathans,nl NED,FW,Vitesse,17,2004,0.1,0,2,0.0,0,0,0,0,,0,1,0.0,0,0,,0,0.0,0.0,0.0,0,0,0,0,0,Matches,32dd5ce9
215,Siem de Jong,nl NED,FWMF,Heerenveen,32,1989,15.4,292,430,67.9,4294,1216,156,205,76.1,101,143,70.6,16,31,51.6,1,2.6,2.0,-1.6,20,29,5,1,29,Matches,cf2a6ace
216,Patrick Joosten,nl NED,FW,Cambuur,25,1996,10.7,169,227,74.4,2522,840,93,106,87.7,53,69,76.8,13,27,48.1,3,2.3,2.1,+0.7,14,16,15,6,19,Matches,0086c968
217,Patrick Joosten,nl NED,MFFW,Groningen,25,1996,3.7,51,91,56.0,948,302,22,32,68.8,22,30,73.3,7,24,29.2,0,0.7,0.5,-0.7,5,10,3,0,7,Matches,0086c968
218,Mauro Júnior,br BRA,DF,PSV Eindhoven,22,1999,23.5,1395,1752,79.6,19532,6009,847,947,89.4,417,537,77.7,61,131,46.6,4,4.4,4.0,-0.4,37,98,37,12,82,Matches,a29e5244
219,Daniël van Kaam,nl NED,MFDF,Groningen,21,2000,5.5,219,285,76.8,4212,1090,78,98,79.6,114,130,87.7,25,49,51.0,0,0.2,0.5,-0.2,4,19,8,2,22,Matches,6db01d99
220,Elton Kabangu,cd COD,FW,Willem II,23,1998,10.5,146,228,64.0,1913,337,89,122,73.0,38,56,67.9,7,13,53.8,0,0.8,0.4,-0.8,8,2,4,3,4,Matches,a4add370
221,Rami Kaib,tn TUN,DF,Heerenveen,24,1997,20.6,894,1195,74.8,14465,4489,471,534,88.2,321,420,76.4,75,157,47.8,1,1.4,1.9,-0.4,15,53,22,14,61,Matches,74804a09
222,Yahya Kalley,se SWE,DFMF,Groningen,20,2001,1.9,33,50,66.0,623,284,13,19,68.4,17,23,73.9,3,8,37.5,0,0.1,0.1,-0.1,2,0,2,1,2,Matches,b1120985
223,Issa Kallon,sl SLE,FWMF,Cambuur,25,1996,29.7,575,774,74.3,8264,1669,352,414,85.0,166,220,75.5,30,69,43.5,8,2.3,2.2,+5.7,30,21,39,7,49,Matches,153ed0e4
224,Anargyros Kampetsis,gr GRE,FWMF,Willem II,22,1999,3.6,78,102,76.5,1112,129,37,44,84.1,23,30,76.7,7,9,77.8,2,0.2,0.1,+1.8,4,6,0,0,3,Matches,33d226f8
225,Joeri de Kamps,nl NED,MF,Sparta R'dam,29,1992,13.1,356,456,78.1,6224,2219,179,214,83.6,116,141,82.3,50,74,67.6,0,0.1,0.3,-0.1,3,46,1,0,35,Matches,16886ee5
226,Jesper Karlsson,se SWE,FW,AZ Alkmaar,23,1998,32.3,1004,1428,70.3,16944,4926,499,590,84.6,371,494,75.1,100,230,43.5,12,9.7,9.7,+2.3,72,57,96,27,128,Matches,7952d0c2
227,Souffian El Karouani,ma MAR,DF,NEC Nijmegen,20,2000,28.4,1063,1457,73.0,18371,7232,534,611,87.4,394,511,77.1,111,255,43.5,1,3.6,2.7,-2.6,30,79,25,11,76,Matches,2e5a31cb
228,Neraysho Kasanwirjo,nl NED,DFMF,Groningen,19,2002,30.3,1554,1890,82.2,34880,10204,370,454,81.5,876,967,90.6,289,413,70.0,0,0.8,1.2,-0.8,11,110,7,4,92,Matches,6d25f2fb
229,Gervane Kastaneer,cw CUW,FWMF,Zwolle,25,1996,17.3,182,356,51.1,2535,640,99,150,66.0,57,105,54.3,9,27,33.3,0,1.8,1.9,-1.8,16,12,10,5,17,Matches,0c142e14
230,Fabian de Keijzer,nl NED,GK,Utrecht,21,2000,13.5,264,422,62.6,7777,6363,67,69,97.1,90,91,98.9,99,252,39.3,0,0.0,0.1,0.0,0,8,2,0,1,Matches,fdfc9ace
231,Gyrano Kerk,nl NED,FW,Utrecht,25,1995,2.0,22,36,61.1,337,89,14,21,66.7,6,9,66.7,1,3,33.3,0,0.1,0.1,-0.1,2,0,5,0,6,Matches,eb907bfc
232,Sam Kersten,nl NED,DF,Zwolle,23,1998,12.7,428,519,82.5,9169,2959,111,132,84.1,249,269,92.6,64,107,59.8,0,0.1,0.2,-0.1,4,40,2,0,30,Matches,16ca1157
233,Abdenasser El Khayati,nl NED,MFFW,Willem II,32,1989,0.6,25,33,75.8,352,88,15,18,83.3,7,8,87.5,2,6,33.3,0,0.0,0.0,0.0,0,2,0,0,2,Matches,e5ec1410
234,Orestis Kiomourtzoglou,de GER,MF,Heracles Almelo,23,1998,20.9,775,989,78.4,14078,4034,320,390,82.1,350,416,84.1,86,138,62.3,0,0.5,0.6,-0.5,10,71,5,0,63,Matches,7e138639
235,Tamás Kiss,hu HUN,MFFW,Cambuur,20,2000,3.0,68,95,71.6,982,279,42,49,85.7,22,32,68.8,3,8,37.5,0,0.6,1.1,-0.6,4,3,6,1,10,Matches,b9e1d786
236,Davy Klaassen,nl NED,MF,Ajax,28,1993,20.0,527,647,81.5,7108,1914,310,368,84.2,132,158,83.5,32,42,76.2,0,2.2,4.2,-2.2,17,51,12,0,43,Matches,15fd5593
237,Ruben Kluivert,nl NED,DF,Utrecht,20,2001,0.0,0,0,,0,0,0,0,,0,0,,0,0,,0,0.1,0.0,-0.1,1,0,0,0,0,Matches,a8dccedc
238,Mats Knoester,nl NED,DF,Heracles Almelo,22,1998,29.6,1325,1656,80.0,27527,10559,386,446,86.5,735,834,88.1,193,334,57.8,0,0.4,0.7,-0.4,6,118,7,2,87,Matches,988dfee2
239,Mats Köhlert,de GER,FWDF,Willem II,23,1998,27.5,1088,1421,76.6,15561,4999,660,744,88.7,329,438,75.1,58,135,43.0,1,2.4,2.4,-1.4,34,60,29,8,76,Matches,3015d86e
240,Derrick Köhn,de GER,DF,Willem II,22,1999,28.1,959,1423,67.4,16441,7011,428,516,82.9,440,581,75.7,75,232,32.3,1,1.1,1.9,-0.1,16,104,15,7,91,Matches,b735b590
241,Orkun Kökçü,tr TUR,MF,Feyenoord,20,2000,29.2,2013,2451,82.1,34719,12225,935,1027,91.0,740,840,88.1,242,405,59.8,9,10.3,10.0,-1.3,101,293,75,5,271,Matches,9bf914b4
242,Rodney Kongolo,nl NED,MF,Heerenveen,23,1998,6.9,205,264,77.7,3196,1004,105,124,84.7,91,113,80.5,5,12,41.7,1,0.6,0.6,+0.4,4,20,2,0,12,Matches,d05d6389
243,Ryan Koolwijk,sr SUR,MF,Zwolle,35,1985,1.9,79,108,73.1,1334,512,40,47,85.1,29,41,70.7,7,12,58.3,0,0.0,0.1,0.0,0,15,0,0,8,Matches,47c66b8c
244,Peer Koopmeiners,nl NED,MF,AZ Alkmaar,21,2000,0.8,27,35,77.1,464,153,12,13,92.3,13,16,81.3,2,5,40.0,0,0.0,0.0,0.0,0,2,1,1,2,Matches,83454d60
245,Teun Koopmeiners,nl NED,MF,AZ Alkmaar,23,1998,1.3,101,121,83.5,2372,859,24,28,85.7,50,56,89.3,26,35,74.3,0,0.4,0.3,-0.4,5,13,3,2,9,Matches,a26fb8aa
246,Joris Kramer,nl NED,DF,Go Ahead Eag,24,1996,24.4,1046,1297,80.6,19834,6670,376,417,90.2,543,623,87.2,108,211,51.2,1,0.9,0.3,+0.1,7,64,1,1,46,Matches,04e82fa0
247,Michiel Kramer,nl NED,FW,RKC Waalwijk,32,1988,25.2,364,541,67.3,4726,887,224,302,74.2,92,147,62.6,15,27,55.6,3,2.1,1.8,+0.9,18,23,11,1,30,Matches,f175ca0a
248,Filip Krastev,bg BUL,MF,Cambuur,19,2001,0.4,13,17,76.5,166,64,6,7,85.7,6,6,100.0,0,0,,0,0.0,0.0,0.0,0,0,1,0,1,Matches,7254ebfb
249,Roy Kuijpers,nl NED,FWMF,RKC Waalwijk,21,2000,2.4,36,57,63.2,560,180,13,21,61.9,14,21,66.7,3,4,75.0,0,0.4,0.5,-0.4,4,3,3,1,6,Matches,d0553d2f
250,Bas Kuipers,nl NED,DF,Go Ahead Eag,26,1994,28.0,906,1250,72.5,15041,5882,445,531,83.8,350,450,77.8,79,185,42.7,3,2.7,2.9,+0.3,27,58,26,10,68,Matches,149b617e
251,Luca de la Torre,us USA,MF,Heracles Almelo,23,1998,30.8,1158,1375,84.2,18374,5119,575,637,90.3,459,514,89.3,78,109,71.6,1,4.4,2.9,-3.4,40,119,21,8,103,Matches,e9241b40
252,Zakaria Labyad,ma MAR,MF,Ajax,28,1993,0.3,9,11,81.8,110,50,5,5,100.0,3,3,100.0,0,0,,0,0.0,0.1,0.0,0,2,0,0,0,Matches,ebc56869
253,Samir Lagsir,nl NED,FWMF,Zwolle,18,2003,1.0,25,41,61.0,363,91,15,19,78.9,8,14,57.1,1,5,20.0,0,0.0,0.2,0.0,0,2,3,2,3,Matches,0966143b
254,Toshio Lake,nl NED,MF,Fortuna Sittard,20,2001,2.7,,,,,,,,,,,,,,,2,,,,,,,,,Matches,68e73cc4
255,Kostas Lamprou,gr GRE,GK,Zwolle,29,1991,34.0,1007,1518,66.3,30978,24968,204,207,98.6,373,381,97.9,425,920,46.2,0,0.1,0.1,-0.1,2,29,0,0,1,Matches,f9508440
256,Chardi Landu,nl NED,FWMF,Zwolle,21,2000,5.0,73,119,61.3,1315,408,34,46,73.9,26,41,63.4,11,17,64.7,0,0.6,0.6,-0.6,7,4,7,5,7,Matches,6aa36fd4
257,Nikolai Laursen,dk DEN,FWMF,Heracles Almelo,23,1998,20.6,448,665,67.4,6034,1671,262,329,79.6,132,192,68.8,23,64,35.9,0,2.8,2.8,-2.8,20,26,19,3,41,Matches,484fcf71
258,Richy Ledezma,us USA,MFFW,PSV Eindhoven,20,2000,0.4,34,37,91.9,494,140,21,21,100.0,11,12,91.7,1,3,33.3,0,0.0,0.1,0.0,1,5,3,0,4,Matches,d2ddff2d
259,Benjamin van Leer,nl NED,GK,Sparta R'dam,29,1992,1.7,42,78,53.8,1277,935,6,6,100.0,21,21,100.0,15,51,29.4,0,0.0,0.0,0.0,0,0,0,0,0,Matches,0df43081
260,Michael de Leeuw,nl NED,FWMF,Groningen,34,1986,22.6,229,353,64.9,3214,779,124,168,73.8,76,111,68.5,10,24,41.7,0,0.8,0.7,-0.8,15,20,9,0,24,Matches,4ff1c40c
261,Peter Leeuwenburgh,nl NED,GK,Groningen,27,1994,34.0,1207,1755,68.8,34996,25827,213,217,98.2,574,583,98.5,417,943,44.2,0,0.1,0.2,-0.1,2,47,1,0,0,Matches,b7135640
262,Mateo Leš,hr CRO,DF,Heracles Almelo,21,2000,0.5,23,29,79.3,567,169,7,7,100.0,10,10,100.0,6,11,54.5,0,0.0,0.0,0.0,0,5,0,0,3,Matches,5eaad139
263,Timo Letschert,nl NED,DF,AZ Alkmaar,28,1993,3.2,226,254,89.0,4733,1813,70,75,93.3,122,130,93.8,33,45,73.3,0,0.0,0.1,0.0,0,16,3,0,21,Matches,be9938ed
264,Isac Lidberg,se SWE,FW,Go Ahead Eag,22,1998,22.0,325,527,61.7,3928,602,210,285,73.7,74,124,59.7,11,18,61.1,2,1.5,1.6,+0.5,16,16,14,1,22,Matches,2eeae3a7
265,Dimitris Limnios,gr GRE,FW,Twente,23,1998,24.2,536,774,69.3,7908,1932,310,388,79.9,160,228,70.2,40,77,51.9,2,3.3,3.2,-1.3,26,24,21,11,34,Matches,62c7067a
266,Bryan Linssen,nl NED,FW,Feyenoord,30,1990,24.0,337,514,65.6,4919,1602,176,230,76.5,112,170,65.9,20,38,52.6,8,4.0,2.6,+4.0,31,12,18,3,34,Matches,5700824a
267,Evert Linthorst,nl NED,MF,Go Ahead Eag,21,2000,0.5,23,28,82.1,416,141,10,12,83.3,11,12,91.7,2,3,66.7,0,0.0,0.0,0.0,0,4,1,0,2,Matches,baa31f3d
268,Pol Llonch,es ESP,MF,Willem II,28,1992,21.1,800,1020,78.4,12955,3779,390,466,83.7,328,381,86.1,52,99,52.5,0,0.9,1.2,-0.9,12,84,8,0,73,Matches,15f1b476
269,Nigel Lonwijk,nl NED,DF,Fortuna Sittard,18,2002,9.9,351,450,78.0,6770,2572,121,141,85.8,186,217,85.7,40,76,52.6,0,0.0,0.0,0.0,1,13,0,0,15,Matches,17be8dc3
270,Boyd Lucassen,nl NED,DFMF,Go Ahead Eag,23,1998,23.5,685,1039,65.9,11997,5333,307,387,79.3,283,407,69.5,72,163,44.2,1,1.2,1.0,-0.2,15,60,15,7,72,Matches,a8f2b8a7
271,Kilian Ludewig,de GER,FWDF,Willem II,21,2000,0.6,23,37,62.2,362,128,12,16,75.0,9,13,69.2,2,6,33.3,0,0.0,0.0,0.0,0,5,0,0,2,Matches,9b1b7d78
272,Kasper Lunding,dk DEN,MF,Heracles Almelo,22,1999,1.8,37,46,80.4,507,90,23,26,88.5,9,10,90.0,3,5,60.0,0,0.4,0.2,-0.4,2,1,1,1,1,Matches,c451ea76
273,Ramon Lundqvist,se SWE,FW,Groningen,24,1997,0.1,1,3,33.3,21,10,0,1,0.0,1,1,100.0,0,1,0.0,0,0.0,0.0,0.0,0,1,0,0,1,Matches,094e6df2
274,Thierry Lutonda,be BEL,DF,RKC Waalwijk,20,2000,4.2,115,164,70.1,1751,664,61,80,76.3,49,62,79.0,2,12,16.7,0,0.1,0.1,-0.1,2,7,1,0,4,Matches,22367f92
275,Issam El Maach,ma MAR,GK,RKC Waalwijk,21,2000,1.0,23,48,47.9,1034,878,0,0,,7,8,87.5,16,39,41.0,0,0.0,0.0,0.0,0,2,0,0,0,Matches,30bbed87
276,Calvin Mac-Intosch,sr SUR,DF,Cambuur,31,1989,27.7,1195,1448,82.5,25694,8635,327,378,86.5,643,712,90.3,207,317,65.3,0,0.1,0.4,-0.1,3,79,7,1,77,Matches,9fd8007d
277,Eros Maddy,nl NED,FW,Utrecht,20,2001,0.1,2,5,40.0,29,14,1,2,50.0,1,2,50.0,0,0,,0,0.1,0.1,-0.1,1,0,1,1,0,Matches,0ed50019
278,Achraf Madi,nl NED,DF,Sparta R'dam,19,2002,0.0,1,1,100.0,20,0,0,0,,1,1,100.0,0,0,,0,0.0,0.0,0.0,0,0,0,0,0,Matches,5f81f0d5
279,Nicolas Madsen,dk DEN,MF,Heerenveen,21,2000,18.6,717,872,82.2,11364,3423,367,437,84.0,283,323,87.6,41,61,67.2,1,1.1,0.8,-0.1,10,73,4,0,61,Matches,6d7e4b06
280,Noni Madueke,eng ENG,FW,PSV Eindhoven,19,2002,9.1,291,371,78.4,3619,660,204,237,86.1,62,82,75.6,7,14,50.0,3,2.0,2.1,+1.0,12,9,11,0,21,Matches,bf34eebd
281,Naoki Maeda,jp JPN,MF,Utrecht,26,1994,0.1,0,1,0.0,0,0,0,0,,0,1,0.0,0,0,,0,0.0,0.0,0.0,0,0,0,0,0,Matches,00e79138
282,Adam Maher,nl NED,MF,Utrecht,28,1993,30.6,1574,2130,73.9,31572,11718,580,670,86.6,689,822,83.8,271,540,50.2,3,5.8,6.2,-2.8,67,204,31,11,174,Matches,4d70db85
283,Mimoun Mahi,ma MAR,FWMF,Utrecht,27,1994,9.7,209,335,62.4,3216,1008,113,157,72.0,70,103,68.0,17,34,50.0,4,3.3,3.9,+0.7,16,13,19,7,25,Matches,04c4b9de
284,Tyrell Malacia,nl NED,DF,Feyenoord,21,1999,31.5,1846,2221,83.1,29210,9346,1019,1104,92.3,621,731,85.0,146,249,58.6,4,3.9,6.0,+0.1,36,167,64,16,144,Matches,6b6c793c
285,Mohamed Mallahi,nl NED,FWDF,Utrecht,21,2000,0.5,15,27,55.6,257,75,9,12,75.0,2,6,33.3,3,3,100.0,0,0.3,0.3,-0.3,4,0,5,4,1,Matches,1ac75b7d
286,Million Manhoef,nl NED,DFFW,Vitesse,19,2002,8.4,317,420,75.5,4736,1655,179,212,84.4,106,130,81.5,19,41,46.3,2,1.5,1.3,+0.5,10,17,7,1,20,Matches,3fa733bc
287,Ofir Marciano,il ISR,GK,Feyenoord,31,1989,12.0,249,387,64.3,6975,5269,51,51,100.0,120,121,99.2,77,210,36.7,0,0.0,0.0,0.0,0,10,1,0,0,Matches,00d4e7b3
288,Iván Márquez,es ESP,DF,NEC Nijmegen,27,1994,29.0,1161,1428,81.3,23351,9605,336,387,86.8,687,772,89.0,131,232,56.5,0,0.9,0.2,-0.9,4,48,2,0,54,Matches,691d6a54
289,Cuco Martina,cw CUW,DF,Go Ahead Eag,31,1989,8.4,357,473,75.5,6809,2582,138,160,86.3,161,195,82.6,51,101,50.5,0,0.0,0.2,0.0,1,13,4,0,22,Matches,22551915
290,Lisandro Martínez,ar ARG,DF,Ajax,23,1998,21.2,1769,1993,88.8,34612,12506,604,662,91.2,962,1035,92.9,193,259,74.5,3,1.9,2.9,+1.1,17,211,15,1,158,Matches,bac46a10
291,Bruno Martins Indi,nl NED,DF,AZ Alkmaar,29,1992,30.8,1845,2087,88.4,35918,13082,595,635,93.7,1034,1112,93.0,197,299,65.9,1,0.7,1.2,+0.3,9,155,15,3,125,Matches,7bc34048
292,Giannis Masouras,gr GRE,DFMF,Sparta R'dam,24,1996,9.3,235,427,55.0,4062,2174,113,146,77.4,95,172,55.2,22,77,28.6,0,0.3,0.7,-0.3,4,22,8,1,35,Matches,8f7a3ee6
293,Magnus Mattsson,dk DEN,FWMF,NEC Nijmegen,22,1999,19.3,489,612,79.9,6104,1378,316,374,84.5,129,150,86.0,14,28,50.0,0,1.6,1.2,-1.6,23,27,6,0,32,Matches,3a089320
294,Azor Matusiwa,nl NED,MF,Groningen,23,1998,3.0,82,107,76.6,1633,421,28,36,77.8,43,53,81.1,11,13,84.6,0,0.1,0.1,-0.1,3,5,1,0,12,Matches,a17a94d6
295,Emmanuel Matuta,be BEL,MFFW,Groningen,19,2002,1.1,63,76,82.9,1055,175,28,33,84.8,31,34,91.2,2,6,33.3,0,0.1,0.0,-0.1,1,6,0,0,2,Matches,a67a4783
296,Robin Maulun,fr FRA,MF,Cambuur,24,1996,29.5,1039,1370,75.8,18634,5617,472,556,84.9,392,468,83.8,137,262,52.3,6,5.1,4.7,+0.9,51,135,22,3,108,Matches,b1940817
297,Philipp Max,de GER,DF,PSV Eindhoven,27,1993,20.0,1077,1320,81.6,14960,5359,680,750,90.7,301,379,79.4,50,100,50.0,3,3.3,3.6,-0.3,31,100,32,11,87,Matches,826e8b63
298,Noussair Mazraoui,ma MAR,DF,Ajax,23,1997,21.7,1294,1568,82.5,19767,6560,666,745,89.4,490,573,85.5,74,115,64.3,2,4.1,6.2,-2.1,32,146,40,11,115,Matches,b74277a0
299,Elikia Mbinga,nl NED,MFFW,Zwolle,20,2001,1.2,31,40,77.5,393,119,20,25,80.0,7,10,70.0,1,2,50.0,0,0.1,0.0,-0.1,2,4,0,0,2,Matches,4a93f8d1
300,Jason Meerstadt,nl NED,MF,Sparta R'dam,20,2001,0.2,0,4,0.0,0,0,0,2,0.0,0,1,0.0,0,1,0.0,0,0.0,0.0,0.0,0,0,0,0,0,Matches,68f2dca6
301,Ringo Meerveld,nl NED,MF,Willem II,20,2000,6.0,147,186,79.0,2387,611,75,91,82.4,53,60,88.3,12,17,70.6,3,1.8,1.4,+1.2,11,6,5,0,15,Matches,c148865c
302,Bjorn Meijer,nl NED,DFMF,Groningen,18,2003,17.6,584,860,67.9,11318,4621,241,290,83.1,254,336,75.6,84,178,47.2,2,2.0,2.1,0.0,14,58,18,9,47,Matches,95f5aae8
303,Aaron Meijers,nl NED,DF,Sparta R'dam,33,1987,8.2,255,384,66.4,4428,1890,129,152,84.9,97,136,71.3,24,68,35.3,2,1.5,1.1,+0.5,9,26,7,4,21,Matches,3cd63173
304,Rick Meijssen,nl NED,DF,Utrecht,19,2002,0.1,3,4,75.0,51,50,1,1,100.0,2,2,100.0,0,1,0.0,0,0.0,0.0,0.0,0,0,0,0,0,Matches,86a3a76d
305,Queensy Menig,nl NED,FW,Twente,25,1995,3.0,39,61,63.9,485,128,21,28,75.0,12,20,60.0,1,2,50.0,1,0.7,0.3,+0.3,6,1,2,0,3,Matches,1264796e
306,Ahmed El Messaoudi,ma MAR,FWMF,Groningen,25,1995,1.9,18,29,62.1,309,64,7,12,58.3,9,9,100.0,1,1,100.0,0,0.1,0.1,-0.1,1,2,1,0,4,Matches,d09f9118
307,Melle Meulensteen,nl NED,DF,RKC Waalwijk,22,1999,32.0,1282,1584,80.9,25142,9669,445,517,86.1,654,730,89.6,158,271,58.3,0,0.4,0.9,-0.4,9,93,9,1,90,Matches,dbd869a1
308,Nikolaos Michelis,gr GRE,DF,Willem II,20,2001,7.2,273,340,80.3,6136,1916,59,77,76.6,159,182,87.4,54,76,71.1,0,0.0,0.1,0.0,0,32,0,0,25,Matches,17a3a4ba
309,Fredrik Midtsjø,no NOR,MF,AZ Alkmaar,27,1993,25.5,1129,1485,76.0,19782,7413,519,614,84.5,462,560,82.5,111,215,51.6,5,3.4,3.8,+1.6,34,135,33,8,149,Matches,7b57c56a
310,Sven Mijnans,nl NED,MFFW,Sparta R'dam,21,2000,21.0,573,813,70.5,10050,2703,268,321,83.5,220,290,75.9,66,135,48.9,3,2.0,3.1,+1.0,24,53,22,7,58,Matches,3e02d0f9
311,Virgil Misidjan,nl NED,FW,Twente,28,1993,12.6,351,496,70.8,4603,1114,216,248,87.1,101,144,70.1,11,39,28.2,3,2.7,1.8,+0.3,17,22,11,8,23,Matches,09bcc566
312,Kudus Mohammed,gh GHA,MF,Ajax,20,2000,4.7,221,245,90.2,3605,855,107,117,91.5,83,88,94.3,20,21,95.2,1,0.8,1.5,+0.2,5,23,6,0,19,Matches,b62878a5
313,Sylian Mokono,nl NED,DF,Utrecht,22,1999,0.2,6,7,85.7,89,57,4,4,100.0,2,2,100.0,0,1,0.0,1,0.5,0.1,+0.5,1,0,1,0,1,Matches,ff0a89d8
314,Julian von Moos,ch SUI,FWDF,Vitesse,20,2001,1.3,49,64,76.6,661,253,36,45,80.0,8,11,72.7,4,5,80.0,1,0.2,0.4,+0.8,2,2,5,2,4,Matches,041961de
315,Alex Mortensen,se SWE,FW,Groningen,19,2002,0.1,3,6,50.0,38,13,3,4,75.0,0,1,0.0,0,0,,0,0.0,0.0,0.0,0,0,0,0,0,Matches,e27159a1
316,Xavier Mous,nl NED,GK,Heerenveen,25,1995,15.5,416,619,67.2,12398,9353,83,83,100.0,167,169,98.8,165,362,45.6,0,0.3,0.0,-0.3,1,4,0,0,0,Matches,76609a3c
317,Erwin Mulder,nl NED,GK,Heerenveen,32,1989,18.5,486,718,67.7,13814,10559,100,100,100.0,214,218,98.2,167,392,42.6,0,0.0,0.0,0.0,0,14,0,0,0,Matches,b3576b7c
318,Hans Mulder,nl NED,MFDF,RKC Waalwijk,34,1987,1.1,14,28,50.0,197,46,10,14,71.4,3,9,33.3,1,3,33.3,0,0.0,0.0,0.0,0,0,0,0,0,Matches,debdac8a
319,Jacob Mulenga,zm ZAM,FWMF,Go Ahead Eag,37,1984,2.2,24,53,45.3,301,50,15,27,55.6,4,13,30.8,2,3,66.7,0,0.0,0.1,0.0,1,1,1,0,1,Matches,73869d0f
320,Jeremy van Mullem,nl NED,MF,Sparta R'dam,22,1999,6.4,125,198,63.1,2273,1045,54,83,65.1,49,64,76.6,19,38,50.0,0,0.0,0.1,0.0,0,20,1,0,20,Matches,34903660
321,Anthony Musaba,nl NED,FWMF,Heerenveen,20,2000,14.6,192,304,63.2,2691,625,120,159,75.5,55,85,64.7,9,22,40.9,1,1.9,1.6,-0.9,12,7,6,2,9,Matches,cf7836a2
322,Richie Musaba,nl NED,MFFW,Fortuna Sittard,20,2000,2.4,28,40,70.0,470,114,12,15,80.0,12,18,66.7,3,3,100.0,0,0.4,0.2,-0.4,1,2,1,1,2,Matches,1d1091e6
323,Yvon Mvogo,ch SUI,GK,PSV Eindhoven,27,1994,8.0,131,186,70.4,3558,2545,30,30,100.0,59,59,100.0,42,96,43.8,0,0.0,0.0,0.0,0,1,0,0,1,Matches,dc29b608
324,Phillipp Mwene,at AUT,DF,PSV Eindhoven,27,1994,15.7,843,1063,79.3,11755,4118,526,596,88.3,247,306,80.7,36,84,42.9,1,1.2,2.8,-0.2,15,59,15,6,50,Matches,2ff76adc
325,Yuta Nakayama,jp JPN,DF,Zwolle,24,1997,28.9,1271,1642,77.4,24104,9064,512,602,85.0,582,688,84.6,156,285,54.7,2,1.6,1.8,+0.4,16,115,16,3,118,Matches,1b9707e4
326,Younes Namli,dk DEN,MF,Sparta R'dam,27,1994,9.6,288,389,74.0,4778,1670,148,166,89.2,96,126,76.2,30,64,46.9,4,2.0,1.9,+2.0,17,37,13,2,37,Matches,1a672e2d
327,Gerrit Nauber,de GER,DF,Go Ahead Eag,29,1992,24.8,927,1107,83.7,18439,6974,302,328,92.1,513,568,90.3,104,187,55.6,0,0.5,0.3,-0.5,6,33,1,0,44,Matches,a72ead5e
328,Miquel Nelom,nl NED,DF,Willem II,30,1990,0.9,33,47,70.2,562,186,17,19,89.5,10,15,66.7,4,9,44.4,0,0.0,0.0,0.0,0,1,1,0,4,Matches,10d8eff2
329,Reiss Nelson,eng ENG,FW,Feyenoord,21,1999,10.1,359,433,82.9,4641,1021,216,238,90.8,102,124,82.3,12,21,57.1,4,3.6,2.6,+0.4,22,21,13,5,27,Matches,c5bdb6e3
330,David Neres,br BRA,FW,Ajax,24,1997,5.3,272,338,80.5,3718,951,168,183,91.8,78,93,83.9,12,18,66.7,2,2.0,2.7,0.0,9,12,25,5,36,Matches,4f1e6a0b
331,Cyril Ngonge,be BEL,FWMF,Groningen,21,2000,18.5,140,274,51.1,2182,769,74,118,62.7,45,79,57.0,13,39,33.3,1,1.4,0.9,-0.4,9,14,11,0,23,Matches,2b8360f1
332,Lars Nieuwpoort,nl NED,DF,RKC Waalwijk,26,1994,2.0,49,65,75.4,923,275,16,21,76.2,25,28,89.3,6,11,54.5,0,0.0,0.0,0.0,0,3,1,0,1,Matches,96d77487
333,Andries Noppert,nl NED,GK,Go Ahead Eag,27,1994,15.0,445,638,69.7,13510,9809,67,68,98.5,205,208,98.6,173,356,48.6,0,0.0,0.0,0.0,0,12,0,0,0,Matches,2dc9d6fb
334,Tijjani Noslin,nl NED,FWMF,Fortuna Sittard,22,1999,9.1,129,196,65.8,1723,454,84,105,80.0,34,45,75.6,5,20,25.0,0,0.2,0.6,-0.2,4,4,4,2,6,Matches,2f067cf2
335,Ché Nunnely,nl NED,FW,Willem II,22,1999,27.2,512,682,75.1,6937,1420,315,367,85.8,140,191,73.3,24,47,51.1,1,2.0,2.1,-1.0,24,31,18,6,34,Matches,e3f206be
336,Djenahro Nunumete,nl NED,DF,Heerenveen,19,2002,0.3,18,23,78.3,290,87,8,9,88.9,8,11,72.7,2,3,66.7,0,0.0,0.0,0.0,0,1,1,0,3,Matches,54d060be
337,Benjamin Nygren,se SWE,FWMF,Heerenveen,20,2001,5.3,162,217,74.7,2267,517,106,125,84.8,40,51,78.4,9,20,45.0,1,0.1,0.3,+0.9,2,12,4,0,18,Matches,d6ebf67f
338,Armando Obispo,nl NED,DF,PSV Eindhoven,22,1999,11.8,583,686,85.0,11360,4433,208,232,89.7,296,325,91.1,71,108,65.7,0,0.3,0.6,-0.3,2,44,2,0,26,Matches,2ffa6348
339,Cas Odenthal,nl NED,DF,NEC Nijmegen,20,2000,27.9,1205,1434,84.0,24108,9858,372,421,88.4,684,757,90.4,134,226,59.3,0,0.1,0.3,-0.1,4,68,3,1,59,Matches,e14e10b1
340,Jens Odgaard,dk DEN,FWMF,RKC Waalwijk,22,1999,27.4,377,671,56.2,6100,1925,183,292,62.7,138,225,61.3,34,73,46.6,6,4.6,5.4,+1.4,28,40,32,8,63,Matches,75374ee7
341,Eric Oelschlägel,de GER,GK,Utrecht,25,1995,3.5,84,108,77.8,2319,1678,15,15,100.0,41,44,93.2,26,46,56.5,0,0.0,0.0,0.0,0,2,0,0,0,Matches,dbb329c6
342,Jonathan Okita,cd COD,FWMF,NEC Nijmegen,25,1995,25.7,720,939,76.7,10128,2343,445,527,84.4,200,261,76.6,43,68,63.2,6,3.5,3.3,+2.5,25,61,20,4,47,Matches,2bc17985
343,Maduka Okoye,ng NGA,GK,Sparta R'dam,21,1999,29.3,511,924,55.3,20974,18170,47,47,100.0,153,154,99.4,307,715,42.9,0,0.0,0.1,0.0,1,43,0,0,0,Matches,ab5c36dd
344,Kwasi Okyere Wriedt,gh GHA,FW,Willem II,27,1994,13.3,155,263,58.9,2394,410,83,128,64.8,49,80,61.3,14,23,60.9,2,1.0,0.7,+1.0,7,6,9,2,14,Matches,7124239e
345,Elias Olsson,se SWE,DF,Groningen,18,2003,0.0,2,2,100.0,28,23,1,1,100.0,1,1,100.0,0,0,,0,0.0,0.0,0.0,0,0,0,0,0,Matches,f539f7b7
346,André Onana,cm CMR,GK,Ajax,25,1996,6.0,151,191,79.1,4271,2952,28,28,100.0,61,63,96.8,62,98,63.3,0,0.0,0.0,0.0,0,3,0,0,1,Matches,e9c0c1b2
347,Jayden Oosterwolde,nl NED,DF,Twente,20,2001,10.0,357,541,66.0,6392,2312,165,191,86.4,144,204,70.6,39,117,33.3,0,0.5,0.6,-0.5,5,38,8,4,32,Matches,34abb664
348,Thijs Oosting,nl NED,DFFW,AZ Alkmaar,21,2000,1.5,61,77,79.2,1110,282,24,29,82.8,26,30,86.7,10,15,66.7,0,0.1,0.1,-0.1,1,8,1,0,5,Matches,995c6783
349,Thijs Oosting,nl NED,MF,Willem II,21,2000,3.0,47,83,56.6,773,304,17,28,60.7,19,33,57.6,3,8,37.5,0,0.2,0.3,-0.2,2,5,1,0,2,Matches,995c6783
350,Loïs Openda,be BEL,FW,Vitesse,21,2000,29.4,456,713,64.0,6562,1400,260,359,72.4,134,187,71.7,29,64,45.3,2,4.2,3.1,-2.2,35,34,29,10,38,Matches,8652a85c
351,Fredrik Oppegard,no NOR,DF,PSV Eindhoven,18,2002,0.2,4,4,100.0,62,7,2,2,100.0,2,2,100.0,0,0,,0,0.0,0.0,0.0,0,0,0,0,0,Matches,c0347e9b
352,Ragnar Oratmangoen,nl NED,MFFW,Go Ahead Eag,23,1998,29.2,853,1071,79.6,13039,3338,437,500,87.4,311,360,86.4,55,101,54.5,4,3.3,3.6,+0.7,26,72,33,10,78,Matches,b6ca8924
353,Alois Oroz,hr CRO,DFMF,Vitesse,20,2000,9.0,311,430,72.3,5394,2180,133,162,82.1,140,170,82.4,27,67,40.3,0,0.2,0.1,-0.2,2,15,0,0,21,Matches,5333d7de
354,Yanick van Osch,nl NED,GK,Fortuna Sittard,24,1997,32.0,783,1183,66.2,24695,19458,166,167,99.4,269,276,97.5,340,727,46.8,0,0.0,0.1,0.0,1,30,0,0,0,Matches,f1655231
355,Mohammed Osman,sy SYR,MF,Sparta R'dam,27,1994,7.5,220,311,70.7,3860,1144,106,133,79.7,76,97,78.4,29,61,47.5,0,0.4,0.7,-0.4,6,29,6,3,18,Matches,9647e6f7
356,Anas Ouahim,de GER,MFFW,Heracles Almelo,23,1997,7.7,129,177,72.9,2006,478,67,86,77.9,48,64,75.0,10,14,71.4,1,0.6,0.3,+0.4,9,19,8,3,14,Matches,f04f45a2
357,Yassin Oukili,nl NED,MF,RKC Waalwijk,20,2001,10.0,272,376,72.3,4300,1095,143,173,82.7,96,130,73.8,21,42,50.0,0,0.4,0.4,-0.4,7,28,5,0,15,Matches,c960bc58
358,Sékou Oumar Sylla,gn GUI,DF,Cambuur,22,1999,4.2,154,211,73.0,2707,1078,68,79,86.1,68,81,84.0,14,36,38.9,0,0.0,0.1,0.0,1,12,1,0,10,Matches,95fb78a3
359,Joris van Overeem,nl NED,MF,Utrecht,27,1994,11.7,474,612,77.5,7967,3640,214,259,82.6,201,247,81.4,40,72,55.6,1,2.1,1.6,-1.1,22,78,13,1,75,Matches,ced2aa0d
360,Gaultiér Overman,nl NED,MFDF,Sparta R'dam,20,2000,0.5,11,18,61.1,174,51,6,7,85.7,5,9,55.6,0,1,0.0,0,0.0,0.0,0.0,0,0,0,0,0,Matches,2c6e78b0
361,Leeroy Owusu,nl NED,DF,Willem II,24,1996,30.6,1166,1637,71.2,21681,8244,491,556,88.3,513,692,74.1,143,318,45.0,3,3.5,3.1,-0.5,30,128,35,17,91,Matches,09bd28dd
362,Kenneth Paal,sr SUR,DFMF,Zwolle,24,1997,18.2,804,1088,73.9,13120,4781,397,455,87.3,325,408,79.7,58,154,37.7,1,3.6,3.6,-2.6,36,74,37,13,81,Matches,d8faef3e
363,Mark Pabai,lr LBR,DF,Zwolle,20,2000,7.6,264,352,75.0,4778,1312,119,140,85.0,103,137,75.2,38,64,59.4,2,0.6,0.6,+1.4,7,7,6,6,5,Matches,82ad8b2d
364,Maarten Paes,nl NED,GK,Utrecht,23,1998,17.0,390,502,77.7,10707,8405,96,96,100.0,152,159,95.6,137,242,56.6,0,0.0,0.0,0.0,0,6,0,0,0,Matches,eb343262
365,Jelte Pal,nl NED,FW,Willem II,18,2002,0.1,1,1,100.0,22,13,0,0,,1,1,100.0,0,0,,0,0.0,0.2,0.0,0,0,1,1,0,Matches,892b0847
366,Remko Pasveer,nl NED,GK,Ajax,37,1983,20.0,623,746,83.5,14704,11224,176,176,100.0,297,299,99.3,149,267,55.8,0,0.0,0.0,0.0,0,9,0,0,1,Matches,3392603d
367,Mitchell Paulissen,nl NED,MFFW,Cambuur,28,1993,15.4,380,536,70.9,5901,2007,200,254,78.7,122,166,73.5,35,64,54.7,3,2.5,2.1,+0.5,19,37,7,0,38,Matches,f6498b1e
368,Vangelis Pavlidis,gr GRE,FW,AZ Alkmaar,22,1998,27.7,511,755,67.7,7313,1249,277,378,73.3,158,227,69.6,31,47,66.0,5,3.6,3.7,+1.4,32,31,19,2,42,Matches,d578db11
369,Marcus Pedersen,no NOR,DF,Feyenoord,21,2000,22.0,835,1100,75.9,13103,2710,434,493,88.0,320,405,79.0,55,131,42.0,4,2.1,2.7,+1.9,24,38,25,17,31,Matches,596cc50e
370,Pedro,es ESP,FW,NEC Nijmegen,21,2000,0.8,5,13,38.5,103,41,1,4,25.0,3,4,75.0,1,1,100.0,0,0.0,0.0,0.0,0,1,1,0,1,Matches,aa2a1c69
371,Kik Pierie,nl NED,DFMF,Twente,21,2000,0.2,9,15,60.0,215,113,1,5,20.0,7,7,100.0,1,2,50.0,0,0.0,0.0,0.0,0,0,0,0,3,Matches,63a2af76
372,Ivo Pinto,pt POR,DF,Fortuna Sittard,31,1990,16.6,555,732,75.8,10703,4080,193,225,85.8,285,345,82.6,66,127,52.0,0,0.1,0.2,-0.1,2,34,6,1,33,Matches,8d82551b
373,Michael Pinto,lu LUX,DF,Sparta R'dam,28,1993,17.1,683,912,74.9,11087,4093,347,398,87.2,269,334,80.5,52,122,42.6,3,1.7,1.8,+1.3,19,50,19,10,49,Matches,6e2c53cb
374,Julio Pleguezuelo,es ESP,DF,Twente,24,1997,14.8,607,761,79.8,12028,4157,203,233,87.1,323,367,88.0,72,135,53.3,1,0.5,0.9,+0.5,4,26,2,2,27,Matches,2950c47b
375,Ernest Poku,nl NED,FWMF,AZ Alkmaar,17,2004,0.5,12,14,85.7,151,32,8,8,100.0,4,4,100.0,0,0,,1,0.4,0.2,+0.6,3,1,0,0,1,Matches,ddc31375
376,Bram van Polen,nl NED,DF,Zwolle,35,1985,29.4,1199,1570,76.4,24552,10602,426,515,82.7,573,699,82.0,190,307,61.9,1,1.6,1.7,-0.6,11,116,15,8,128,Matches,894cfe3d
377,Robin Polley,gh GHA,FW,Heracles Almelo,22,1998,0.1,1,2,50.0,25,0,0,1,0.0,1,1,100.0,0,0,,0,0.0,0.0,0.0,0,0,0,0,0,Matches,3a639671
378,Romano Postema,nl NED,FWMF,Groningen,19,2002,7.9,66,106,62.3,1026,330,31,45,68.9,26,39,66.7,5,9,55.6,1,0.8,0.6,+0.2,7,9,7,2,11,Matches,7a0645a4
379,Dirk Proper,nl NED,MF,NEC Nijmegen,19,2002,15.1,620,737,84.1,10184,2757,317,359,88.3,222,252,88.1,56,74,75.7,0,0.6,0.8,-0.6,12,52,5,0,48,Matches,77b49e13
380,Davy Pröpper,nl NED,MF,PSV Eindhoven,29,1991,3.2,135,173,78.0,2153,820,64,84,76.2,46,54,85.2,13,17,76.5,1,0.5,0.1,+0.5,2,15,4,0,19,Matches,fdd85f94
381,Robin Pröpper,nl NED,DF,Twente,27,1993,31.7,1640,2046,80.2,33123,13669,574,643,89.3,810,895,90.5,231,444,52.0,2,1.6,1.5,+0.4,11,134,9,0,119,Matches,996fc502
382,Giacomo Quagliata,it ITA,DF,Heracles Almelo,21,2000,28.3,1035,1538,67.3,17106,6860,523,615,85.0,401,572,70.1,85,223,38.1,2,2.9,3.5,-0.9,37,65,40,26,73,Matches,1b9c7401
383,André Ramalho,br BRA,DF,PSV Eindhoven,29,1992,18.8,1239,1449,85.5,24879,9717,393,425,92.5,690,742,93.0,144,249,57.8,2,0.6,1.8,+1.4,4,129,11,2,113,Matches,7483d9f9
384,Bart Ramselaar,nl NED,MFFW,Utrecht,25,1996,22.2,535,689,77.6,8625,2391,271,322,84.2,207,250,82.8,42,69,60.9,0,3.0,3.3,-3.0,19,60,28,8,63,Matches,74596f1a
385,Jan Ras,nl NED,MF,Heerenveen,22,1999,0.0,3,3,100.0,43,7,2,2,100.0,1,1,100.0,0,0,,0,0.0,0.0,0.0,0,0,0,0,0,Matches,598ee1d6
386,Jacob Rasmussen,dk DEN,DF,Vitesse,24,1997,24.3,1143,1482,77.1,21232,9289,460,532,86.5,519,629,82.5,135,259,52.1,2,1.2,0.8,+0.8,12,84,10,1,85,Matches,283699b4
387,Daishawn Redan,nl NED,FWMF,Zwolle,20,2001,22.7,307,431,71.2,4215,941,184,227,81.1,101,131,77.1,9,12,75.0,3,2.9,2.5,+0.1,27,24,16,1,33,Matches,16b4260e
388,Youri Regeer,nl NED,DF,Ajax,17,2003,1.7,102,112,91.1,1938,556,27,32,84.4,64,67,95.5,9,10,90.0,0,0.1,0.2,-0.1,1,10,3,0,11,Matches,e0782abd
389,Gyan de Regt,nl NED,DF,Vitesse,18,2002,0.4,6,15,40.0,90,30,5,9,55.6,0,1,0.0,1,1,100.0,0,0.0,0.0,0.0,0,0,0,0,1,Matches,bae360fd
390,Eliano Reijnders,nl NED,DFMF,Zwolle,20,2000,14.1,380,556,68.3,5460,1866,217,276,78.6,126,182,69.2,15,40,37.5,1,1.5,1.4,-0.5,17,24,11,7,38,Matches,d32ef527
391,Tijjani Reijnders,nl NED,MF,AZ Alkmaar,23,1998,14.5,831,952,87.3,13528,2997,404,439,92.0,345,380,90.8,60,89,67.4,2,2.5,1.8,-0.5,16,82,15,1,64,Matches,afb61630
392,Devyne Rensch,nl NED,DF,Ajax,18,2003,8.9,519,598,86.8,8454,2239,252,272,92.6,220,243,90.5,36,53,67.9,1,1.7,2.8,-0.7,9,49,13,0,40,Matches,c5cbbcff
393,Marco Rente,de GER,DF,Heracles Almelo,24,1997,25.7,1142,1416,80.6,24084,8570,349,402,86.8,608,685,88.8,166,276,60.1,0,0.5,1.2,-0.5,5,88,4,2,83,Matches,ec76c977
394,Ben Rienstra,nl NED,MF,Fortuna Sittard,31,1990,23.9,689,893,77.2,11775,2959,315,378,83.3,299,368,81.3,59,93,63.4,3,1.7,1.6,+1.3,16,56,3,0,50,Matches,0f163eff
395,Thomas Rier,nl NED,DFFW,Cambuur,21,2000,0.2,1,1,100.0,7,7,1,1,100.0,0,0,,0,0,,0,0.0,0.0,0.0,0,1,0,0,0,Matches,31c691d3
396,Mees Rijks,nl NED,MF,Utrecht,18,2003,0.1,1,1,100.0,18,0,0,0,,1,1,100.0,0,0,,0,0.0,0.0,0.0,0,0,0,0,0,Matches,449c6aae
397,Rocco Robert Shein,ee EST,MF,Utrecht,18,2003,0.6,30,35,85.7,584,71,9,11,81.8,15,16,93.8,4,5,80.0,0,0.0,0.0,0.0,0,3,0,0,0,Matches,2ea1013f
398,Godfried Roemeratoe,nl NED,MFDF,Willem II,21,1999,7.8,328,397,82.6,5776,1676,138,161,85.7,156,172,90.7,27,46,58.7,0,0.2,0.2,-0.2,3,31,2,0,29,Matches,a646b710
399,Ole Romeny,nl NED,FW,NEC Nijmegen,21,2000,1.9,38,58,65.5,548,64,21,30,70.0,10,13,76.9,3,5,60.0,0,0.0,0.0,0.0,1,3,1,0,1,Matches,3e17193f
400,Maximiliano Romero,ar ARG,FW,PSV Eindhoven,22,1999,1.9,48,70,68.6,429,71,26,34,76.5,7,12,58.3,0,1,0.0,2,1.5,1.6,+0.5,3,2,2,0,3,Matches,716e7308
401,Philippe Rommens,be BEL,MF,Go Ahead Eag,23,1997,30.0,988,1386,71.3,18320,6638,403,505,79.8,401,505,79.4,141,266,53.0,5,4.0,4.0,+1.0,48,127,24,8,120,Matches,318db7b4
402,Bart van Rooij,nl NED,DFMF,NEC Nijmegen,20,2001,33.0,1348,1771,76.1,23537,9210,586,698,84.0,602,752,80.1,128,217,59.0,2,2.8,2.9,-0.8,32,88,33,12,109,Matches,30fb2f9c
403,Ruben Roosken,nl NED,DF,Heracles Almelo,21,2000,5.4,197,278,70.9,3080,1149,97,117,82.9,83,114,72.8,10,32,31.3,1,0.7,0.9,+0.3,4,17,4,4,14,Matches,e9dc604a
404,Frank Ross,sct SCO,MFFW,Go Ahead Eag,23,1998,0.8,20,32,62.5,289,95,11,16,68.8,4,5,80.0,2,5,40.0,0,0.2,0.2,-0.2,1,1,0,0,1,Matches,4f6d9fb0
405,Llazaros Rota,gr GRE,DF,Fortuna Sittard,23,1997,2.0,86,106,81.1,1564,415,36,38,94.7,34,41,82.9,12,21,57.1,0,0.1,0.1,-0.1,1,3,2,1,5,Matches,2e9ddbfb
406,Daan Rots,nl NED,FW,Twente,20,2001,19.0,384,578,66.4,6135,1697,199,260,76.5,146,208,70.2,30,62,48.4,3,3.5,3.4,-0.5,17,30,22,7,45,Matches,d40b01f6
407,Robbin Ruiter,nl NED,GK,Willem II,34,1987,1.0,25,36,69.4,714,603,7,7,100.0,9,10,90.0,9,19,47.4,0,0.0,0.0,0.0,0,2,0,0,0,Matches,911680d8
408,Dries Saddiki,ma MAR,MF,Willem II,24,1996,29.8,586,882,66.4,9632,2991,294,386,76.2,224,324,69.1,51,100,51.0,2,1.7,1.3,+0.3,16,84,6,1,56,Matches,4eb9e87b
409,Michal Sadílek,cz CZE,MFDF,Twente,22,1999,28.7,1360,1771,76.8,23309,7624,660,757,87.2,501,624,80.3,154,306,50.3,2,3.6,4.8,-1.6,37,147,26,9,120,Matches,7c9fa389
410,Görkem Sağlam,de GER,MF,Willem II,23,1998,12.8,434,618,70.2,7591,1949,210,251,83.7,142,195,72.8,60,133,45.1,3,2.4,1.9,+0.6,32,39,15,1,41,Matches,651d9f0a
411,Anass Salah-Eddine,nl NED,DF,Ajax,19,2002,0.3,13,18,72.2,172,109,9,12,75.0,4,4,100.0,0,1,0.0,0,0.0,0.5,0.0,0,2,1,0,4,Matches,0d274394
412,Andreas Samaris,gr GRE,DFMF,Fortuna Sittard,32,1989,12.0,352,449,78.4,7320,2892,127,144,88.2,165,187,88.2,58,107,54.2,0,0.2,0.3,-0.2,3,27,3,0,22,Matches,5af687a1
413,David Sambissa,ga GAB,MFDF,Cambuur,25,1996,9.3,235,332,70.8,3790,1016,128,158,81.0,76,107,71.0,21,46,45.7,1,0.7,1.1,+0.3,8,10,11,3,15,Matches,e3c2a24e
414,Bassala Sambou,eng ENG,FW,Fortuna Sittard,23,1997,4.6,56,77,72.7,742,52,29,39,74.4,21,27,77.8,0,1,0.0,0,0.1,0.2,-0.1,1,1,2,0,2,Matches,ec2e64da
415,Philippe Sandler,nl NED,DF,Feyenoord,24,1997,0.6,37,44,84.1,786,297,9,10,90.0,21,23,91.3,6,10,60.0,0,0.0,0.0,0.0,0,3,0,0,2,Matches,60740e70
416,Ibrahim Sangaré,ci CIV,MF,PSV Eindhoven,23,1997,26.8,1766,2058,85.8,28566,9041,851,957,88.9,731,815,89.7,117,158,74.1,2,2.4,3.5,-0.4,22,224,20,3,166,Matches,bced0375
417,Amin Sarr,se SWE,FW,Heerenveen,20,2001,12.0,162,248,65.3,2251,403,100,137,73.0,42,63,66.7,10,16,62.5,1,2.5,2.2,-1.5,12,4,8,1,9,Matches,d5326924
418,Mustafa Saymak,nl NED,MF,Zwolle,28,1993,14.3,358,545,65.7,5852,1466,185,245,75.5,123,171,71.9,34,82,41.5,1,2.1,1.4,-1.1,14,36,8,1,30,Matches,7a544566
419,Sem Scheperman,nl NED,DF,Heracles Almelo,19,2002,0.2,10,13,76.9,173,34,4,4,100.0,5,6,83.3,1,2,50.0,0,0.0,0.0,0.0,0,1,0,0,0,Matches,60faf301
420,Vincent Schippers,nl NED,DFFW,Willem II,20,2001,1.8,32,72,44.4,643,387,9,17,52.9,16,26,61.5,4,18,22.2,0,0.0,0.0,0.0,0,3,0,0,5,Matches,a7b42ecc
421,Doke Schmidt,nl NED,DF,Cambuur,29,1992,27.7,1222,1600,76.4,26276,8996,385,443,86.9,590,728,81.0,235,381,61.7,1,1.4,1.9,-0.4,8,101,7,4,77,Matches,6e313b86
422,Lasse Schöne,dk DEN,MF,NEC Nijmegen,35,1986,32.6,1590,1953,81.4,25602,10834,812,893,90.9,592,694,85.3,127,249,51.0,2,4.7,5.4,-2.7,55,178,26,7,135,Matches,c3a8bcd8
423,Lucas Schoofs,be BEL,MFDF,Heracles Almelo,24,1997,23.3,830,1050,79.0,15577,4790,328,386,85.0,367,427,85.9,105,159,66.0,2,1.2,1.2,+0.8,15,87,10,4,74,Matches,2a4828b3
424,Erik Schouten,nl NED,DF,Cambuur,29,1991,26.5,1297,1505,86.2,28168,8568,285,329,86.6,803,856,93.8,197,292,67.5,2,0.9,0.4,+1.1,5,57,2,0,69,Matches,952d12cf
425,Markus Schubert,de GER,GK,Vitesse,23,1998,19.5,520,808,64.4,15181,11154,99,102,97.1,220,231,95.2,201,471,42.7,0,0.0,0.1,0.0,0,14,2,0,2,Matches,289b90cd
426,Perr Schuurs,nl NED,DF,Ajax,21,1999,11.6,751,847,88.7,14333,5066,262,279,93.9,407,440,92.5,73,111,65.8,1,1.1,1.2,-0.1,7,87,7,0,53,Matches,e613313c
427,Jenson Seelt,nl NED,DF,PSV Eindhoven,18,2003,0.2,4,6,66.7,101,44,0,0,,3,3,100.0,1,3,33.3,0,0.0,0.0,0.0,0,0,0,0,0,Matches,ec75ee25
428,Lisandro Semedo,cv CPV,FWMF,Fortuna Sittard,25,1996,5.2,77,123,62.6,1134,310,47,60,78.3,25,47,53.2,2,6,33.3,1,1.0,0.5,0.0,9,7,5,2,9,Matches,490328d4
429,Marcos Senesi,ar ARG,DF,Feyenoord,24,1997,28.3,1839,2174,84.6,35774,13722,645,710,90.8,953,1044,91.3,213,346,61.6,2,1.9,2.1,+0.1,17,188,19,1,139,Matches,35141f4c
430,Mats Seuntjens,nl NED,FWMF,Fortuna Sittard,29,1992,31.7,643,1016,63.3,13183,4480,250,321,77.9,253,367,68.9,121,238,50.8,4,5.0,4.6,-1.0,61,77,28,7,86,Matches,db159803
431,Stanislav Shopov,bg BUL,MF,Heerenveen,19,2002,0.0,0,2,0.0,0,0,0,0,,0,1,0.0,0,0,,0,0.0,0.0,0.0,0,0,0,0,0,Matches,7e35c530
432,Kaj Sierhuis,nl NED,FW,Heracles Almelo,23,1998,15.8,259,391,66.2,4045,1042,128,174,73.6,87,124,70.2,24,39,61.5,3,2.7,1.9,+0.3,20,23,11,3,30,Matches,9c2b1f11
433,Elias Sierra,be BEL,MFFW,Heracles Almelo,19,2001,4.3,92,131,70.2,1714,501,40,49,81.6,31,39,79.5,16,26,61.5,1,0.8,0.4,+0.2,8,7,6,2,6,Matches,cee66fd1
434,Luis Sinisterra,co COL,FW,Feyenoord,22,1999,26.7,985,1199,82.2,13831,2757,593,692,85.7,273,337,81.0,62,80,77.5,7,6.7,5.8,+0.3,60,68,43,1,85,Matches,8e16dd48
435,Dimitris Siovas,gr GRE,DF,Fortuna Sittard,32,1988,11.2,371,505,73.5,7552,3090,121,142,85.2,190,236,80.5,57,109,52.3,0,0.4,0.4,-0.4,3,34,7,2,29,Matches,92d38e6c
436,Gijs Smal,nl NED,DF,Twente,23,1997,20.8,967,1325,73.0,16160,6666,475,548,86.7,387,505,76.6,79,198,39.9,2,3.3,3.5,-1.3,29,89,31,14,84,Matches,0eb4a4f3
437,Bryan Smeets,nl NED,MF,Sparta R'dam,28,1992,16.4,627,819,76.6,11995,3573,269,318,84.6,237,286,82.9,103,169,60.9,2,2.1,2.4,-0.1,28,71,20,8,56,Matches,e7809a03
438,Milan Smit,nl NED,FWMF,Cambuur,18,2003,0.7,5,13,38.5,45,0,3,8,37.5,1,3,33.3,0,1,0.0,0,0.0,0.0,0.0,0,0,0,0,0,Matches,a61ff812
439,Sven Sonnenberg,de GER,DF,Heracles Almelo,22,1999,5.3,237,274,86.5,5072,1635,53,58,91.4,157,161,97.5,25,49,51.0,0,0.0,0.1,0.0,0,7,1,1,11,Matches,5a7c3705
440,Kamal Sowah,gh GHA,FWMF,AZ Alkmaar,21,2000,1.8,42,66,63.6,628,136,19,29,65.5,19,22,86.4,2,6,33.3,1,0.1,0.1,+0.9,2,4,1,0,4,Matches,74b7375f
441,Wesley Spieringhs,nl NED,MFFW,Willem II,19,2002,1.1,27,38,71.1,426,183,13,18,72.2,12,15,80.0,1,2,50.0,0,0.0,0.0,0.0,1,6,0,0,4,Matches,c7b02f0e
442,Tommy St. Jago,nl NED,DF,Utrecht,21,2000,2.2,98,130,75.4,2043,752,30,37,81.1,54,60,90.0,13,27,48.1,0,0.0,0.0,0.0,0,4,0,0,8,Matches,d47df60d
443,Casper Staring,nl NED,MF,Twente,20,2001,1.1,57,76,75.0,965,207,27,33,81.8,25,31,80.6,4,8,50.0,0,0.1,0.1,-0.1,2,10,1,1,5,Matches,f4693feb
444,Maarten Stekelenburg,nl NED,GK,Ajax,38,1982,7.0,222,274,81.0,6387,5055,38,38,100.0,110,112,98.2,74,123,60.2,0,0.0,0.0,0.0,0,4,0,0,0,Matches,fefce889
445,Filip Stevanovic,rs SRB,FWMF,Heerenveen,18,2002,9.5,163,222,73.4,1979,344,112,140,80.0,36,48,75.0,3,13,23.1,1,0.6,0.5,+0.4,8,3,6,0,10,Matches,50f823d3
446,Sonny Stevens,nl NED,GK,Cambuur,29,1992,28.9,996,1365,73.0,29829,22838,179,181,98.9,414,420,98.6,400,753,53.1,0,0.0,0.1,0.0,0,14,0,0,0,Matches,7566ef9b
447,Finn Stokkers,nl NED,FWMF,RKC Waalwijk,25,1996,12.4,246,376,65.4,3200,632,169,233,72.5,41,79,51.9,16,22,72.7,4,3.6,2.6,+0.4,23,16,11,3,17,Matches,722a26e2
448,Jørgen Strand Larsen,no NOR,FW,Groningen,21,2000,26.0,301,480,62.7,4566,631,151,233,64.8,103,150,68.7,25,34,73.5,2,1.4,1.3,+0.6,19,27,4,0,17,Matches,f553b2b3
449,Sander van de Streek,nl NED,MFFW,Utrecht,28,1993,17.3,315,520,60.6,4665,1639,176,261,67.4,99,146,67.8,21,46,45.7,1,3.6,2.4,-2.6,21,32,23,4,50,Matches,9afce63a
450,Rico Strieder,de GER,MF,Zwolle,29,1992,16.1,532,701,75.9,9081,2913,228,277,82.3,232,280,82.9,47,88,53.4,1,0.7,0.6,+0.3,9,54,3,2,56,Matches,074b9902
451,Yukinari Sugawara,jp JPN,DFFW,AZ Alkmaar,21,2000,29.3,1441,1848,78.0,25019,8199,693,771,89.9,569,712,79.9,137,263,52.1,3,4.4,5.8,-1.4,34,107,47,27,105,Matches,580bcd18
452,Tomáš Suslov,sk SVK,MFFW,Groningen,19,2002,26.1,558,809,69.0,11576,3130,201,255,78.8,249,308,80.8,100,204,49.0,4,3.2,3.3,+0.8,29,56,25,9,48,Matches,83fe71b8
453,Max Svensson,se SWE,FWMF,Willem II,23,1998,21.2,376,627,60.0,6314,1885,187,252,74.2,129,200,64.5,42,106,39.6,4,3.1,3.5,+0.9,24,24,19,11,38,Matches,6d902017
454,Marin Šverko,hr CRO,DF,Groningen,23,1998,11.1,488,615,79.3,10533,3726,135,151,89.4,275,316,87.0,74,128,57.8,0,0.6,0.6,-0.6,5,36,4,0,39,Matches,06dba850
455,Moussa Sylla,fr FRA,FW,Utrecht,21,1999,15.3,239,457,52.3,3685,1340,127,197,64.5,81,140,57.9,18,49,36.7,3,3.2,2.8,-0.2,30,25,16,13,28,Matches,d8b97bb3
456,Adrian Szöke,hu HUN,FWMF,Heracles Almelo,23,1998,1.6,18,27,66.7,231,42,9,13,69.2,5,6,83.3,1,1,100.0,0,0.0,0.0,0.0,0,2,0,0,1,Matches,692ab0c7
457,Mohamed Taabouni,nl NED,FW,AZ Alkmaar,19,2002,0.1,5,5,100.0,73,6,3,3,100.0,2,2,100.0,0,0,,0,0.0,0.0,0.0,1,0,0,0,0,Matches,df4153d2
458,Dušan Tadić,rs SRB,FW,Ajax,32,1988,32.6,1197,1746,68.6,18190,5993,654,798,82.0,390,548,71.2,89,214,41.6,19,18.8,23.6,+0.2,140,49,137,45,155,Matches,2475dcc6
459,Nicolás Tagliafico,ar ARG,DF,Ajax,28,1992,10.4,611,744,82.1,9754,3534,308,341,90.3,264,318,83.0,29,48,60.4,2,1.8,3.3,+0.2,13,48,21,4,57,Matches,f0661424
460,Anas Tahiri,be BEL,MF,Heerenveen,26,1995,11.0,456,552,82.6,7146,1894,246,271,90.8,150,174,86.2,39,71,54.9,1,1.0,0.9,0.0,14,33,11,0,37,Matches,e43e11a0
461,Oussama Tannane,ma MAR,MFFW,Vitesse,27,1994,2.3,79,113,69.9,1266,424,43,57,75.4,22,28,78.6,10,22,45.5,0,0.6,0.6,-0.6,5,10,6,1,13,Matches,730bd100
462,Elayis Tavsan,nl NED,FWMF,NEC Nijmegen,20,2001,24.9,523,664,78.8,7476,912,296,342,86.5,181,215,84.2,22,40,55.0,1,3.1,3.0,-2.1,25,20,13,4,20,Matches,928143e7
463,Kenneth Taylor,nl NED,MF,Ajax,19,2002,6.5,336,400,84.0,4551,1426,204,228,89.5,98,116,84.5,13,21,61.9,3,1.3,2.2,+1.7,8,39,18,0,37,Matches,ad9b2747
464,Mike te Wierik,nl NED,DF,Groningen,29,1992,23.8,1119,1350,82.9,23023,6633,259,309,83.8,691,767,90.1,147,226,65.0,0,0.3,0.4,-0.3,4,52,3,0,60,Matches,11fde8d3
465,Slobodan Tedić,rs SRB,FW,Zwolle,21,2000,13.2,174,298,58.4,2343,381,102,169,60.4,55,80,68.8,8,12,66.7,0,0.7,0.5,-0.7,8,17,3,0,8,Matches,477ac4d2
466,Tesfaldet Tekie,se SWE,MF,Fortuna Sittard,24,1997,23.5,663,897,73.9,12928,4503,254,305,83.3,266,333,79.9,119,191,62.3,3,3.1,2.1,-0.1,21,90,27,5,81,Matches,ed16934e
467,Hidde ter Avest,nl NED,DF,Utrecht,24,1997,20.4,852,1183,72.0,13488,5816,451,526,85.7,311,420,74.0,59,141,41.8,2,2.4,1.3,-0.4,15,65,21,6,72,Matches,18f9dbd0
468,Jasper Ter Heide,nl NED,MFDF,Cambuur,22,1999,5.3,125,192,65.1,2139,870,49,63,77.8,62,89,69.7,10,23,43.5,0,0.4,0.4,-0.4,1,11,4,1,16,Matches,2c8dc102
469,Jordan Teze,nl NED,DF,PSV Eindhoven,21,1999,22.7,1191,1418,84.0,21214,7885,524,578,90.7,541,610,88.7,106,176,60.2,4,1.4,1.9,+2.6,15,123,17,2,96,Matches,82e9b1bb
470,Ryan Thomas,nz NZL,MFFW,PSV Eindhoven,26,1994,2.2,105,129,81.4,1833,512,48,52,92.3,43,49,87.8,11,21,52.4,0,0.4,0.5,-0.4,5,12,1,1,7,Matches,95efdac2
471,Lennart Thy,de GER,FWMF,Sparta R'dam,29,1992,26.5,508,840,60.5,7473,1936,290,422,68.7,143,230,62.2,37,75,49.3,1,1.7,1.2,-0.7,19,58,12,2,53,Matches,af31925d
472,Guus Til,nl NED,MF,Feyenoord,23,1997,28.6,550,748,73.5,7054,1775,341,417,81.8,152,199,76.4,14,26,53.8,3,4.0,4.2,-1.0,36,59,16,0,57,Matches,6e44569a
473,Jurriën Timber,nl NED,DF,Ajax,20,2001,28.3,2104,2306,91.2,35821,11616,897,968,92.7,1063,1122,94.7,107,144,74.3,2,1.7,2.8,+0.3,16,247,15,0,161,Matches,41034650
474,Quinten Timber,nl NED,MF,Utrecht,20,2001,26.1,713,920,77.5,11403,3769,362,442,81.9,267,317,84.2,53,78,67.9,3,2.0,2.6,+1.0,23,98,29,5,88,Matches,803e7aca
475,Mickaël Tirpan,be BEL,DF,Fortuna Sittard,27,1993,22.0,738,1105,66.8,13060,5119,329,394,83.5,313,442,70.8,79,185,42.7,1,2.0,1.5,-1.0,15,45,17,8,53,Matches,43156df9
476,Marco Tol,nl NED,DF,Cambuur,23,1998,13.6,523,651,80.3,11211,2976,118,144,81.9,326,366,89.1,72,119,60.5,1,0.4,0.2,+0.6,1,14,1,0,20,Matches,52cc3dc1
477,Jens Toornstra,nl NED,MFFW,Feyenoord,32,1989,19.9,717,1016,70.6,13217,4545,336,398,84.4,251,339,74.0,109,202,54.0,3,5.2,4.6,-2.2,45,108,48,14,111,Matches,ade993b9
478,Ahmed Touba,dz ALG,DF,RKC Waalwijk,23,1998,27.7,948,1201,78.9,18846,6960,298,357,83.5,530,601,88.2,109,194,56.2,1,0.6,1.0,+0.4,7,67,8,1,77,Matches,f25de136
479,Gernot Trauner,at AUT,DF,Feyenoord,29,1992,29.2,1897,2127,89.2,36300,14067,676,728,92.9,1002,1085,92.4,200,262,76.3,1,0.7,1.4,+0.3,11,137,4,1,130,Matches,9d21da85
480,Sondre Tronstad,no NOR,MF,Vitesse,25,1995,29.4,1216,1498,81.2,20770,6766,559,654,85.5,486,575,84.5,127,176,72.2,0,1.3,2.1,-1.3,21,159,22,7,135,Matches,50e41224
481,Giovanni Troupée,nl NED,DF,Twente,23,1998,18.9,638,865,73.8,10304,3386,324,383,84.6,274,372,73.7,29,71,40.8,1,0.6,1.3,+0.4,7,33,5,1,30,Matches,5bf23e30
482,Turan Tuzlacik,nl NED,DFMF,Go Ahead Eag,20,2001,0.1,7,9,77.8,87,10,4,5,80.0,3,4,75.0,0,0,,0,0.0,0.0,0.0,0,0,0,0,0,Matches,863d9dd0
483,Manfred Ugalde,cr CRC,FWMF,Twente,19,2002,7.2,91,132,68.9,1287,279,50,63,79.4,35,49,71.4,2,3,66.7,2,1.2,0.5,+0.8,8,5,5,0,7,Matches,30c4aa75
484,Roberts Uldriķis,lv LVA,FW,Cambuur,23,1998,17.1,264,450,58.7,3323,651,159,232,68.5,64,120,53.3,11,27,40.7,0,2.1,1.1,-2.1,12,24,6,0,24,Matches,9c86b2b8
485,Lars Unnerstall,de GER,GK,Twente,31,1990,32.0,671,1046,64.1,20110,15469,141,142,99.3,276,280,98.6,252,619,40.7,0,0.0,0.1,0.0,1,23,0,0,0,Matches,4b1793b0
486,Etienne Vaessen,nl NED,GK,RKC Waalwijk,26,1995,31.0,869,1322,65.7,30669,24907,116,117,99.1,307,322,95.3,441,870,50.7,2,0.4,0.2,+1.6,3,33,2,0,0,Matches,5622d68b
487,Amourrichio Van Axel Dongen,nl NED,FW,Ajax,16,2004,0.1,1,1,100.0,8,2,1,1,100.0,0,0,,0,0,,0,0.0,0.0,0.0,0,0,0,0,0,Matches,478f023e
488,Dave Van Den Berg,nl NED,MF,Utrecht,21,2000,0.0,0,2,0.0,0,0,0,0,,0,2,0.0,0,0,,0,0.0,0.0,0.0,0,0,0,0,0,Matches,d3ea4a10
489,Dario Van den Buijs,be BEL,DF,RKC Waalwijk,25,1995,11.7,450,613,73.4,9873,4828,128,152,84.2,227,270,84.1,90,173,52.0,0,0.1,0.5,-0.1,2,46,5,0,40,Matches,0a236449
490,Simon Van Duivenbooden,nl NED,MF,Vitesse,19,2002,0.3,0,5,0.0,0,0,0,3,0.0,0,0,,0,1,0.0,0,0.0,0.0,0.0,0,0,0,0,0,Matches,a50af160
491,Syb Van Ottele,nl NED,DF,Heerenveen,19,2002,2.2,84,110,76.4,1857,696,25,29,86.2,44,50,88.0,15,27,55.6,0,0.0,0.0,0.0,0,8,1,0,11,Matches,341dc28c
492,Henk Veerman,nl NED,FW,Heerenveen,28,1993,17.3,241,372,64.8,3239,593,145,209,69.4,67,100,67.0,11,22,50.0,0,1.9,1.6,-1.9,19,25,6,0,21,Matches,e1a1b481
493,Henk Veerman,nl NED,FWMF,Utrecht,28,1993,4.6,55,121,45.5,820,198,31,58,53.4,18,37,48.6,3,7,42.9,0,0.1,0.1,-0.1,1,9,2,0,8,Matches,e1a1b481
494,Joey Veerman,nl NED,MF,Heerenveen,22,1998,16.9,803,1108,72.5,16558,7311,300,353,85.0,326,400,81.5,158,286,55.2,6,4.8,5.3,+1.2,43,133,27,2,131,Matches,18fae4ac
495,Joey Veerman,nl NED,MFFW,PSV Eindhoven,22,1998,11.5,626,809,77.4,11227,3637,293,334,87.7,213,269,79.2,96,151,63.6,5,3.2,2.7,+1.8,21,107,25,3,74,Matches,18fae4ac
496,Calvin Verdonk,nl NED,DFMF,NEC Nijmegen,24,1997,10.7,435,589,73.9,7172,3080,203,239,84.9,186,234,79.5,33,74,44.6,1,0.7,0.6,+0.3,7,32,10,4,28,Matches,bf2b4026
497,Hobie Verhulst,nl NED,GK,AZ Alkmaar,28,1993,2.0,37,55,67.3,997,773,8,8,100.0,20,20,100.0,9,27,33.3,0,0.0,0.0,0.0,0,0,0,0,0,Matches,9f82f7c2
498,Thibaud Verlinden,be BEL,FW,Fortuna Sittard,22,1999,0.0,0,0,,0,0,0,0,,0,0,,0,0,,0,0.0,0.0,0.0,0,0,0,0,0,Matches,e5c026d6
499,Michael Verrips,nl NED,GK,Fortuna Sittard,24,1996,2.0,53,75,70.7,1446,1092,11,11,100.0,25,27,92.6,16,36,44.4,0,0.0,0.0,0.0,0,0,0,0,0,Matches,424595d5
500,Arno Verschueren,be BEL,MF,Sparta R'dam,24,1997,10.7,202,328,61.6,3308,1201,108,141,76.6,66,110,60.0,22,54,40.7,1,0.4,0.3,+0.6,7,29,7,1,31,Matches,0ae2b36f
501,Yorbe Vertessen,be BEL,FWMF,PSV Eindhoven,20,2001,8.9,161,237,67.9,1968,439,103,127,81.1,39,56,69.6,4,7,57.1,3,1.8,2.4,+1.2,17,5,9,2,14,Matches,e8ef59da
502,Javier Vet,nl NED,MFFW,NEC Nijmegen,27,1993,6.2,117,197,59.4,1806,617,71,100,71.0,34,53,64.2,8,19,42.1,1,0.3,0.3,+0.7,4,11,3,0,17,Matches,4cdcb529
503,Nick Viergever,nl NED,DF,PSV Eindhoven,31,1989,0.1,4,4,100.0,79,48,1,1,100.0,2,2,100.0,1,1,100.0,0,0.0,0.0,0.0,0,0,0,0,0,Matches,e38f1636
504,Peter Vindahl Jensen,dk DEN,GK,AZ Alkmaar,23,1998,32.0,933,1317,70.8,25929,19298,221,223,99.1,389,396,98.2,320,688,46.5,0,0.0,0.1,0.0,0,20,1,0,0,Matches,7b433ed0
505,Carlos Vinícius,br BRA,FW,PSV Eindhoven,26,1995,12.3,193,265,72.8,2237,458,121,152,79.6,47,60,78.3,3,6,50.0,6,5.1,3.3,+0.9,27,8,14,0,20,Matches,8b529245
506,Michel Vlap,nl NED,MF,Twente,24,1997,27.0,778,970,80.2,10661,2655,441,521,84.6,241,293,82.3,38,54,70.4,2,4.7,3.9,-2.7,37,58,29,3,79,Matches,02760e49
507,Rai Vloet,nl NED,MF,Heracles Almelo,26,1995,11.3,408,563,72.5,7988,2131,176,212,83.0,145,177,81.9,71,132,53.8,0,2.0,2.1,-2.0,25,52,12,2,42,Matches,b32e8c5f
508,Siemen Voet,be BEL,DF,Zwolle,21,2000,13.8,586,763,76.8,12698,5090,176,205,85.9,293,348,84.2,111,183,60.7,0,0.1,0.6,-0.1,1,48,5,2,48,Matches,917e933f
509,Dennis Vos,nl NED,DF,PSV Eindhoven,19,2001,0.5,14,18,77.8,204,53,9,9,100.0,4,7,57.1,1,2,50.0,0,0.0,0.0,0.0,0,0,0,0,1,Matches,4f0f270a
510,Bart Vriends,nl NED,DF,Sparta R'dam,30,1991,31.4,1001,1276,78.4,20358,8261,298,339,87.9,556,636,87.4,138,272,50.7,0,0.3,0.8,-0.3,2,67,1,0,76,Matches,2e4bc188
511,Patrick Vroegh,nl NED,MF,Vitesse,21,1999,7.3,204,327,62.4,2816,918,130,171,76.0,54,99,54.5,10,27,37.0,0,0.7,0.4,-0.7,10,15,6,2,15,Matches,7d5fa902
512,Max de Waal,nl NED,MFFW,Zwolle,19,2002,1.8,18,28,64.3,226,111,10,14,71.4,5,5,100.0,1,2,50.0,0,0.0,0.0,0.0,0,1,3,0,3,Matches,fc9ca1ee
513,Patrik Wålemark,se SWE,FWMF,Feyenoord,19,2001,4.2,88,130,67.7,1290,449,53,63,84.1,26,37,70.3,7,19,36.8,0,1.4,1.0,-1.4,9,2,11,4,11,Matches,7d7660da
514,Django Warmerdam,nl NED,DF,Utrecht,25,1995,21.4,732,1023,71.6,12743,4207,319,385,82.9,324,431,75.2,70,142,49.3,2,1.4,1.7,+0.6,10,44,16,9,54,Matches,421370f5
515,Timon Wellenreuther,de GER,GK,Willem II,25,1995,31.0,810,1277,63.4,27442,20901,98,99,99.0,313,321,97.5,399,850,46.9,0,0.4,0.7,-0.4,1,49,1,0,4,Matches,2f18d0b8
516,Sai van Wermeskerken,jp JPN,DFMF,Zwolle,27,1994,3.1,81,124,65.3,1267,457,38,51,74.5,31,47,66.0,6,14,42.9,0,0.0,0.1,0.0,0,5,1,0,4,Matches,3942a90b
517,Owen Wijndal,nl NED,DF,AZ Alkmaar,21,1999,29.8,1523,1855,82.1,22779,7090,875,948,92.3,543,653,83.2,69,123,56.1,10,5.4,5.3,+4.6,45,106,44,21,91,Matches,83300259
518,Dani de Wit,nl NED,MFFW,AZ Alkmaar,23,1998,31.5,966,1222,79.1,11574,2496,636,755,84.2,224,281,79.7,20,37,54.1,4,3.7,3.5,+0.3,28,64,8,1,67,Matches,48a2b92a
519,Mees de Wit,nl NED,DFFW,Zwolle,23,1998,25.8,1204,1506,79.9,20846,6883,573,652,87.9,488,590,82.7,121,186,65.1,0,2.4,2.5,-2.4,31,96,32,15,98,Matches,116a67ee
520,Aslak Witry,no NOR,DF,AZ Alkmaar,25,1996,15.5,929,1128,82.4,16013,4629,460,511,90.0,361,421,85.7,92,156,59.0,1,1.0,1.1,0.0,10,70,17,8,57,Matches,3f30f12a
521,Maximilian Wittek,de GER,DFMF,Vitesse,25,1995,24.7,1038,1475,70.4,16903,6832,564,644,87.6,317,458,69.2,110,271,40.6,6,5.1,4.2,+0.9,72,71,24,13,82,Matches,edb2712b
522,Ricky van Wolfswinkel,nl NED,FW,Twente,32,1989,28.4,323,567,57.0,4824,1365,175,273,64.1,104,177,58.8,20,33,60.6,8,5.1,3.4,+2.9,31,28,19,1,44,Matches,dbe16ade
523,Lucas Woudenberg,nl NED,DF,Heerenveen,27,1994,16.7,471,694,67.9,8195,3276,183,217,84.3,233,322,72.4,38,98,38.8,0,0.2,0.5,-0.2,5,19,7,4,26,Matches,68a96962
524,Luuk Wouters,nl NED,DF,RKC Waalwijk,22,1999,6.5,142,211,67.3,2395,1192,71,92,77.2,56,86,65.1,12,18,66.7,0,0.1,0.1,-0.1,2,9,2,1,15,Matches,332f99b0
525,Romaric Yapi,fr FRA,DFFW,Vitesse,21,2000,3.3,117,151,77.5,1839,619,58,70,82.9,47,55,85.5,8,18,44.4,0,0.1,0.3,-0.1,1,7,4,0,11,Matches,7faf5b19
526,John Yeboah,de GER,FWMF,Willem II,21,2000,0.9,26,35,74.3,323,158,13,17,76.5,8,10,80.0,1,3,33.3,0,0.1,0.1,-0.1,1,1,3,0,8,Matches,8dfdc6c3
527,Ulrik Yttergård Jenssen,no NOR,DF,Willem II,25,1996,20.9,886,1076,82.3,18612,6334,234,267,87.6,518,563,92.0,128,225,56.9,0,0.5,0.4,-0.5,7,84,1,0,60,Matches,0c97d846
528,Timo Zaal,nl NED,DFMF,Heerenveen,17,2004,0.1,8,12,66.7,98,52,7,8,87.5,1,4,25.0,0,0,,0,0.3,0.0,-0.3,2,0,0,0,2,Matches,14f2e5a0
529,Arthur Zagre,fr FRA,DFFW,Utrecht,19,2001,4.6,218,283,77.0,3530,1323,121,142,85.2,79,102,77.5,17,27,63.0,0,0.4,0.3,-0.4,8,22,8,4,20,Matches,3225654e
530,Eran Zahavi,il ISR,FW,PSV Eindhoven,34,1987,16.8,375,484,77.5,4428,938,246,295,83.4,90,116,77.6,9,15,60.0,7,4.1,2.9,+2.9,30,23,18,0,38,Matches,86b575a7
531,Ramiz Zerrouki,dz ALG,MF,Twente,23,1998,28.9,1261,1619,77.9,23344,5797,523,617,84.8,545,638,85.4,158,276,57.2,1,1.9,2.0,-0.9,22,142,9,2,93,Matches,c762b1a6
532,Rick Zuijderwijk,nl NED,MFFW,Willem II,20,2001,0.4,8,12,66.7,131,76,3,4,75.0,5,6,83.3,0,2,0.0,0,0.0,0.0,0.0,0,0,0,0,0,Matches,da26f9e8
533,Dario Đumić,ba BIH,DFMF,Twente,29,1992,0.2,7,10,70.0,100,40,5,6,83.3,2,3,66.7,0,1,0.0,0,0.0,0.0,0.0,0,0,0,0,0,Matches,c575919f